total,Healthy Food,Junk Food,Personal Care,Gifts,Health Care,Fashion,Clothes,Course,Subscriptions,Extra Curricular,Home Grooming,Vehicle,Travel,Get Together,Educational Subs,Miscellaneous
19841.66667,350,1250,1000,500,1500,50,1333.333333,208.3333333,1000,1500,250,0,6000,1500,3000,400
22458.33333,100,250,100,500,2500,50,2333.333333,125,0,750,1250,0,10000,1500,2000,1000
12091.66667,350,250,100,166.6666667,1500,1000,500,125,0,750,250,350,2500,3500,0,750
25966.66667,700,1500,1000,166.6666667,2500,750,500,250,1000,750,1500,350,8500,3500,2000,1000
21466.66667,350,250,450,375,3000,750,500,41.66666667,1000,250,250,1000,10000,500,2000,750
15600,600,1250,450,166.6666667,1500,300,2333.333333,250,0,250,750,750,2500,500,3000,1000
17375,100,750,100,166.6666667,2500,750,500,208.3333333,300,1500,750,750,6000,1500,500,1000
24175,100,1500,100,500,3000,750,2333.333333,41.66666667,0,750,1500,350,8500,3500,500,750
12866.66667,100,1250,850,375,1500,300,500,41.66666667,300,1250,1250,750,2500,1500,0,400
20766.66667,350,1500,1000,166.6666667,2500,1000,2000,250,1000,1500,750,0,6000,1500,500,750
25308.33333,700,250,850,375,1500,300,1333.333333,250,1000,250,1250,750,8500,5000,2000,1000
21708.33333,600,250,450,500,2500,50,2000,208.3333333,0,1250,750,750,8500,3500,0,400
20483.33333,350,750,1000,375,500,1000,500,208.3333333,300,750,1500,350,10000,500,2000,400
20708.33333,350,750,850,500,3000,300,500,208.3333333,750,1250,1250,750,6000,3500,0,750
24725,600,250,850,166.6666667,3000,750,500,208.3333333,1000,250,750,1000,8500,3500,3000,400
13716.66667,700,1250,100,41.66666667,1500,750,1333.333333,41.66666667,750,1250,1250,0,2500,1500,0,750
17733.33333,100,750,850,41.66666667,500,1000,2333.333333,208.3333333,300,250,1500,0,6000,1500,2000,400
21683.33333,700,1250,1000,500,1500,1000,2333.333333,250,300,250,1500,350,6000,3500,500,750
23608.33333,600,1500,450,500,500,1000,1333.333333,125,1000,750,1250,350,8500,5000,0,750
21875,700,1500,850,500,1500,50,2000,125,300,750,250,350,8500,500,3000,1000
19775,100,250,100,166.6666667,2500,300,2333.333333,125,0,1500,1500,750,8500,1500,0,150
21925,700,750,450,375,1500,50,500,250,1000,1500,250,350,8500,5000,0,750
15950,700,1500,100,500,500,1000,500,250,0,750,750,1000,2500,5000,500,400
27225,700,1250,1000,166.6666667,3000,300,500,208.3333333,750,1500,1500,350,10000,5000,0,1000
24183.33333,600,1500,850,375,3000,750,500,208.3333333,1000,1250,1500,0,10000,500,2000,150
17908.33333,600,1250,450,500,3000,750,1333.333333,125,0,250,1500,750,6000,500,500,400
22975,100,1500,100,41.66666667,1500,750,1333.333333,250,750,750,750,0,8500,3500,3000,150
21925,600,750,1000,500,2500,750,2333.333333,41.66666667,300,1250,250,1000,6000,1500,3000,150
20441.66667,100,250,1000,166.6666667,3000,300,1333.333333,41.66666667,0,250,1250,0,8500,1500,2000,750
22475,700,750,850,375,3000,300,2000,250,0,1250,1500,0,10000,500,0,1000
26358.33333,350,750,850,375,3000,300,1333.333333,250,300,1250,1500,350,8500,3500,3000,750
17175,350,1250,450,166.6666667,2500,1000,2333.333333,125,1000,250,250,750,2500,500,3000,750
16533.33333,700,750,850,41.66666667,1500,750,2333.333333,208.3333333,1000,250,1250,750,2500,500,3000,150
24150,600,250,1000,500,3000,300,2000,250,0,750,750,0,8500,5000,500,750
18566.66667,700,250,450,166.6666667,500,750,2000,250,0,250,1500,750,6000,3500,500,1000
13600,600,750,450,41.66666667,2500,50,2000,208.3333333,0,250,1500,350,2500,1500,500,400
22533.33333,350,750,100,41.66666667,2500,750,2000,41.66666667,1000,1500,1500,350,6000,3500,2000,150
17525,350,1500,850,41.66666667,1500,300,1333.333333,250,0,250,250,1000,6000,500,3000,400
20441.66667,600,1250,850,500,3000,300,2333.333333,208.3333333,0,750,250,1000,2500,3500,3000,400
17925,700,250,850,166.6666667,2500,750,1333.333333,125,750,750,250,0,6000,500,2000,1000
25700,100,1250,1000,375,1500,50,500,125,300,250,1500,350,10000,5000,3000,400
17383.33333,350,750,450,375,500,750,500,208.3333333,0,1250,250,0,10000,500,500,1000
21033.33333,700,250,850,375,2500,300,2333.333333,125,0,1250,1500,350,6000,500,3000,1000
24566.66667,700,1500,850,375,3000,300,1333.333333,208.3333333,300,250,1250,350,10000,3500,500,150
22033.33333,350,1250,100,41.66666667,3000,750,1333.333333,208.3333333,1000,250,250,350,6000,5000,2000,150
17166.66667,700,250,100,375,500,1000,2333.333333,208.3333333,300,1250,1250,750,6000,1500,500,150
17366.66667,100,750,850,375,3000,750,1333.333333,208.3333333,1000,750,1250,0,2500,1500,2000,1000
16483.33333,100,750,450,41.66666667,1500,300,2000,41.66666667,300,250,1250,1000,6000,1500,0,1000
16633.33333,350,250,850,375,500,50,500,208.3333333,300,250,1500,350,6000,5000,0,150
18975,350,750,450,166.6666667,2500,300,2000,208.3333333,750,750,250,0,2500,5000,2000,1000
22683.33333,600,250,1000,375,500,300,2333.333333,125,300,1250,1250,1000,8500,1500,3000,400
17266.66667,100,1500,100,41.66666667,2500,1000,500,125,750,750,750,750,6000,1500,500,400
26250,700,1500,1000,375,2500,300,1333.333333,41.66666667,750,250,250,350,10000,3500,3000,400
26400,100,1250,850,375,3000,1000,1333.333333,41.66666667,300,1500,1500,1000,10000,3500,500,150
24783.33333,700,1250,450,375,500,300,2333.333333,125,750,1250,1250,350,8500,3500,3000,150
21058.33333,350,1250,850,500,1500,1000,1333.333333,125,750,250,750,0,8500,1500,2000,400
24375,350,250,1000,500,2500,750,500,125,750,1250,1500,750,10000,3500,500,150
15100,600,750,450,500,500,50,2000,250,750,1500,250,350,6000,500,500,150
17625,600,1250,850,166.6666667,1500,300,2000,208.3333333,0,1250,750,750,6000,500,500,1000
26116.66667,600,250,1000,166.6666667,2500,50,2000,250,300,250,1500,0,8500,5000,3000,750
13616.66667,700,1500,450,41.66666667,2500,300,500,125,0,750,250,1000,2500,1500,500,1000
20383.33333,700,1500,450,500,500,1000,2333.333333,250,1000,750,750,750,6000,1500,2000,400
21658.33333,350,1250,450,166.6666667,3000,750,1333.333333,208.3333333,0,1250,750,1000,10000,500,500,150
20883.33333,700,750,450,375,500,750,1333.333333,125,0,750,250,1000,10000,500,3000,400
15025,100,1250,100,166.6666667,500,50,1333.333333,125,1000,250,1500,1000,2500,5000,0,150
20758.33333,350,750,450,500,2500,750,1333.333333,125,0,250,1500,1000,10000,500,0,750
21833.33333,600,1250,450,375,2500,50,2000,208.3333333,0,250,1250,750,8500,500,3000,150
25308.33333,350,1250,850,166.6666667,2500,300,1333.333333,208.3333333,1000,750,1500,350,10000,3500,500,750
18233.33333,600,250,850,375,3000,50,2000,208.3333333,0,1500,1500,750,2500,1500,3000,150
15850,350,250,450,41.66666667,3000,750,2000,208.3333333,300,1250,750,350,2500,1500,2000,150
21350,350,1500,1000,41.66666667,3000,750,1333.333333,125,0,250,750,0,6000,3500,2000,750
18566.66667,350,750,1000,41.66666667,500,300,500,125,750,250,1250,0,8500,3500,0,750
23000,700,1250,100,375,1500,50,2000,125,1000,1250,750,750,6000,5000,2000,150
20916.66667,700,250,100,41.66666667,2500,50,500,125,300,750,750,350,8500,5000,0,1000
18475,600,1250,100,500,500,1000,2000,125,0,750,750,1000,6000,500,3000,400
28350,600,1500,450,375,3000,50,2000,125,1000,750,250,750,8500,5000,3000,1000
21541.66667,100,1250,100,500,2500,50,1333.333333,208.3333333,0,750,250,0,10000,500,3000,1000
22258.33333,600,750,850,375,2500,300,2333.333333,250,300,1250,1250,1000,2500,5000,2000,1000
25850,350,1250,1000,375,3000,750,500,125,750,1500,1250,0,10000,3500,500,1000
23691.66667,700,750,100,166.6666667,1500,50,2333.333333,41.66666667,300,250,250,750,8500,5000,2000,1000
23091.66667,600,1500,1000,166.6666667,1500,750,2333.333333,41.66666667,300,1250,250,0,6000,5000,2000,400
13308.33333,100,250,450,166.6666667,2500,50,2000,41.66666667,750,250,250,350,2500,500,3000,150
21275,350,1500,450,166.6666667,2500,1000,1333.333333,125,0,250,1250,350,8500,500,2000,1000
12975,700,750,450,500,500,300,2333.333333,41.66666667,300,250,750,350,2500,500,2000,750
24625,350,1250,850,166.6666667,3000,300,2333.333333,125,750,1500,1250,350,8500,1500,2000,400
26816.66667,700,1500,450,375,2500,1000,2000,41.66666667,1000,250,1250,350,8500,3500,3000,400
23391.66667,350,750,100,500,2500,750,2000,41.66666667,1000,250,1500,0,10000,3500,0,150
23741.66667,100,1500,1000,166.6666667,1500,750,500,125,0,1500,1500,350,8500,3500,2000,750
28158.33333,700,750,1000,375,3000,750,1333.333333,250,1000,1500,1500,1000,6000,5000,3000,1000
19866.66667,350,750,1000,166.6666667,3000,1000,500,250,750,750,1250,350,8500,500,0,750
25533.33333,350,1500,850,375,3000,750,500,208.3333333,750,1500,1500,750,6000,3500,3000,1000
21658.33333,700,1500,1000,375,3000,1000,1333.333333,250,0,250,1250,750,8500,500,500,750
22625,700,750,100,166.6666667,500,750,1333.333333,125,300,1250,1500,1000,8500,5000,500,150
17600,100,1250,1000,375,2500,1000,2000,125,750,750,1250,750,2500,500,2000,750
23166.66667,700,1250,850,41.66666667,3000,300,2000,125,1000,750,1250,750,10000,500,500,150
22766.66667,100,1500,450,41.66666667,2500,50,500,125,0,1500,750,1000,10000,500,3000,750
21891.66667,700,1250,850,166.6666667,3000,50,2333.333333,41.66666667,750,1500,1500,350,8500,500,0,400
23450,350,250,100,375,1500,750,2333.333333,41.66666667,1000,250,1250,1000,10000,3500,0,750
23675,600,250,450,500,3000,750,1333.333333,41.66666667,750,250,1250,350,6000,5000,3000,150
24366.66667,350,1250,850,375,2500,1000,500,41.66666667,750,1250,750,350,8500,3500,2000,400
19841.66667,100,250,450,500,3000,1000,500,41.66666667,750,250,250,750,6000,5000,0,1000
21025,600,1500,850,500,2500,300,2333.333333,41.66666667,1000,250,1250,0,6000,3500,0,400
27183.33333,700,250,850,500,1500,1000,2333.333333,250,300,750,250,350,10000,5000,3000,150
20141.66667,600,250,1000,166.6666667,1500,750,2000,125,0,750,1250,350,6000,5000,0,400
25758.33333,350,1250,450,166.6666667,3000,750,500,41.66666667,0,1500,250,1000,10000,3500,2000,1000
20616.66667,700,1500,1000,41.66666667,2500,1000,2333.333333,41.66666667,0,1250,1250,750,6000,1500,0,750
14091.66667,700,250,1000,166.6666667,1500,1000,500,125,1000,750,750,350,2500,500,2000,1000
22900,100,1250,100,375,500,300,2000,125,750,250,250,0,10000,3500,3000,400
14233.33333,350,750,850,375,3000,300,1333.333333,125,750,750,750,0,2500,1500,500,400
19900,600,1500,100,41.66666667,3000,750,1333.333333,125,300,250,1250,750,6000,3500,0,400
20466.66667,100,250,1000,375,1500,50,1333.333333,208.3333333,750,1500,750,0,6000,3500,3000,150
11833.33333,350,1250,100,41.66666667,2500,50,500,41.66666667,0,1500,750,350,2500,1500,0,400
23808.33333,100,250,1000,375,2500,750,2333.333333,250,1000,1250,250,350,8500,1500,3000,400
17075,350,1500,1000,166.6666667,1500,50,2000,208.3333333,300,750,1500,1000,2500,3500,0,750
23500,600,250,850,41.66666667,2500,50,2333.333333,125,1000,250,750,750,8500,1500,3000,1000
25125,100,1500,850,166.6666667,500,50,500,208.3333333,750,1500,1500,1000,10000,5000,500,1000
21691.66667,100,1250,850,500,1500,50,1333.333333,208.3333333,750,750,1500,750,8500,1500,2000,150
13683.33333,100,750,450,375,1500,50,500,208.3333333,0,1500,1250,0,2500,1500,2000,1000
27508.33333,600,1250,450,166.6666667,3000,1000,500,41.66666667,0,750,1500,1000,10000,3500,3000,750
20425,700,750,450,500,3000,750,2000,125,0,250,1250,750,8500,500,500,400
29191.66667,100,750,450,500,2500,1000,2333.333333,208.3333333,750,1250,1500,350,10000,3500,3000,1000
15400,700,750,1000,41.66666667,2500,1000,1333.333333,125,300,1250,750,750,2500,1500,500,400
12466.66667,600,1250,1000,375,500,50,2333.333333,208.3333333,0,250,1500,1000,2500,500,0,400
23983.33333,600,750,100,500,2500,300,2333.333333,250,0,1250,1250,1000,8500,1500,3000,150
23758.33333,700,1250,450,500,500,750,2000,208.3333333,0,1500,1250,1000,8500,5000,0,150
28625,350,1250,850,41.66666667,2500,50,2333.333333,250,750,1250,250,0,10000,5000,3000,750
15391.66667,700,1500,1000,41.66666667,500,750,500,250,0,1500,1500,750,2500,3500,0,400
20833.33333,600,1250,100,41.66666667,3000,300,500,41.66666667,0,1250,250,1000,6000,5000,500,1000
15433.33333,350,1500,100,41.66666667,1500,50,2333.333333,208.3333333,0,1500,750,350,2500,500,3000,750
21841.66667,700,1500,100,166.6666667,1500,50,1333.333333,41.66666667,300,250,750,1000,6000,5000,3000,150
15125,700,1500,1000,166.6666667,500,50,2000,208.3333333,0,250,750,0,2500,1500,3000,1000
12991.66667,600,750,100,500,500,750,2000,41.66666667,0,750,250,0,2500,500,3000,750
18916.66667,600,1250,100,41.66666667,1500,300,500,125,1000,1250,1250,750,6000,500,3000,750
14116.66667,700,250,450,41.66666667,2500,300,500,125,1000,750,1250,1000,2500,1500,500,750
16208.33333,700,1250,100,375,500,1000,1333.333333,250,300,250,250,750,2500,3500,3000,150
16341.66667,350,750,100,41.66666667,3000,1000,500,250,750,1500,750,350,2500,1500,2000,1000
13033.33333,700,250,450,41.66666667,500,300,1333.333333,208.3333333,750,1250,250,0,2500,3500,0,1000
19266.66667,350,750,450,375,1500,300,1333.333333,208.3333333,750,1500,1250,0,2500,5000,2000,1000
21133.33333,600,250,450,375,2500,750,2000,208.3333333,750,1250,250,750,8500,1500,0,1000
26158.33333,100,1250,850,166.6666667,2500,750,2000,41.66666667,0,250,1500,1000,8500,3500,3000,750
25300,600,250,450,166.6666667,1500,1000,1333.333333,250,750,1250,1250,0,8500,5000,2000,1000
21716.66667,600,750,1000,166.6666667,2500,300,500,250,1000,1500,1500,750,6000,1500,3000,400
19016.66667,350,1250,450,375,1500,300,1333.333333,208.3333333,750,1250,750,0,2500,5000,2000,1000
22950,350,250,450,41.66666667,3000,1000,500,208.3333333,0,1500,250,1000,10000,3500,500,400
23250,600,250,100,166.6666667,2500,750,1333.333333,250,300,1250,1250,0,10000,500,3000,1000
19233.33333,600,250,850,375,500,50,500,208.3333333,0,250,1500,750,6000,5000,2000,400
21916.66667,700,1500,100,375,3000,1000,1333.333333,208.3333333,300,250,750,750,6000,3500,2000,150
19200,100,1250,100,41.66666667,1500,50,2333.333333,125,300,1500,250,1000,10000,500,0,150
13475,100,1500,1000,41.66666667,500,1000,2333.333333,250,750,1500,750,0,2500,500,0,750
22450,600,1500,450,41.66666667,500,750,2000,208.3333333,0,1500,250,750,8500,5000,0,400
17850,350,250,1000,375,500,1000,1333.333333,41.66666667,750,1500,750,1000,2500,3500,2000,1000
20958.33333,600,250,1000,500,3000,750,2000,208.3333333,300,250,1250,350,8500,500,500,1000
14366.66667,350,250,100,41.66666667,1500,300,1333.333333,41.66666667,300,250,750,750,2500,3500,2000,400
14300,600,1250,100,166.6666667,2500,300,1333.333333,250,300,750,250,350,2500,1500,2000,150
21283.33333,100,250,850,375,500,50,2000,208.3333333,300,1500,250,750,8500,5000,500,150
16141.66667,600,1500,1000,166.6666667,500,50,2333.333333,41.66666667,300,250,250,750,6000,1500,500,400
25600,350,1250,1000,375,2500,750,2333.333333,41.66666667,750,1500,250,0,10000,1500,2000,1000
22466.66667,700,1500,1000,166.6666667,500,50,2000,250,300,250,250,1000,10000,3500,0,1000
21100,600,250,850,375,500,1000,2000,125,1000,1500,1500,1000,8500,1500,0,400
19566.66667,600,1500,100,41.66666667,2500,300,2000,125,1000,1250,1500,1000,6000,1500,0,150
21358.33333,100,250,1000,500,3000,50,1333.333333,125,0,1250,1500,350,10000,1500,0,400
15058.33333,350,1250,100,166.6666667,1500,750,2333.333333,208.3333333,1000,1250,1250,1000,2500,500,500,400
24025,100,1500,850,500,2500,50,500,125,300,250,750,350,8500,5000,2000,750
21833.33333,350,250,850,41.66666667,3000,1000,2333.333333,208.3333333,300,750,750,1000,8500,1500,0,1000
17341.66667,350,1250,1000,166.6666667,3000,300,2000,125,0,250,1250,0,6000,1500,0,150
19600,600,250,450,500,2500,300,500,250,1000,1250,750,0,8500,1500,500,750
18783.33333,700,750,450,375,2500,50,1333.333333,125,0,1500,750,350,8500,500,500,400
11758.33333,350,250,850,166.6666667,1500,750,500,41.66666667,0,1250,750,350,2500,1500,0,1000
22225,100,1250,450,500,1500,750,2000,125,300,750,1250,1000,6000,5000,500,750
20291.66667,700,250,850,166.6666667,500,750,2000,125,300,250,750,0,10000,1500,2000,150
22266.66667,350,1500,100,41.66666667,3000,50,1333.333333,41.66666667,750,750,1250,350,10000,1500,500,750
20100,350,1500,1000,166.6666667,1500,1000,1333.333333,250,750,250,750,750,8500,500,500,1000
20675,700,1250,1000,375,3000,1000,500,250,0,750,250,350,10000,500,0,750
24691.66667,100,750,100,500,500,50,2333.333333,208.3333333,750,1500,1250,750,10000,3500,2000,400
25733.33333,350,1250,1000,375,2500,300,2333.333333,125,750,250,1250,750,8500,5000,0,1000
13466.66667,700,250,850,166.6666667,1500,50,500,250,300,250,1500,1000,2500,3500,0,150
23133.33333,600,250,100,41.66666667,2500,50,2333.333333,208.3333333,300,1500,1500,1000,8500,500,3000,750
23408.33333,350,250,1000,500,2500,750,500,208.3333333,0,1250,1250,350,8500,5000,0,1000
14075,700,1500,450,500,1500,300,2000,125,0,750,250,0,2500,500,2000,1000
23800,700,1250,100,375,1500,50,1333.333333,41.66666667,300,250,1250,1000,10000,3500,2000,150
15841.66667,600,750,100,500,1500,750,2333.333333,208.3333333,0,1500,250,350,2500,1500,2000,1000
25108.33333,700,250,850,500,3000,300,2000,208.3333333,300,1250,1500,0,10000,3500,0,750
23408.33333,700,1500,1000,166.6666667,500,1000,2333.333333,208.3333333,0,750,1500,1000,8500,1500,2000,750
20841.66667,700,1250,100,500,500,750,2333.333333,208.3333333,1000,250,250,0,8500,500,3000,1000
25208.33333,700,750,1000,500,500,300,500,208.3333333,750,1500,1250,0,8500,5000,3000,750
13750,700,250,850,500,500,50,2000,250,1000,1500,250,750,2500,500,2000,150
23508.33333,350,1250,450,166.6666667,2500,50,1333.333333,208.3333333,300,1500,1500,1000,8500,3500,500,400
17550,350,1250,1000,375,3000,300,500,125,1000,1500,1250,750,2500,1500,2000,150
20716.66667,600,1250,450,166.6666667,2500,1000,500,250,0,1250,750,350,6000,5000,500,150
23516.66667,600,1500,100,41.66666667,1500,750,1333.333333,41.66666667,0,1250,1250,750,8500,5000,500,400
22133.33333,700,1500,100,500,500,750,1333.333333,250,1000,1250,250,1000,10000,1500,500,1000
17558.33333,700,1250,450,166.6666667,500,1000,2333.333333,208.3333333,300,1250,1500,0,6000,1500,0,400
20750,100,1500,100,41.66666667,1500,1000,2000,208.3333333,300,1250,1250,1000,6000,1500,2000,1000
24525,600,250,100,500,3000,50,1333.333333,41.66666667,0,1500,1250,750,10000,5000,0,150
22791.66667,600,750,100,500,500,50,2000,41.66666667,750,1500,1500,0,10000,1500,2000,1000
18633.33333,350,1500,450,41.66666667,3000,50,2333.333333,208.3333333,300,1500,750,0,2500,3500,2000,150
14108.33333,350,750,1000,500,1500,50,1333.333333,125,1000,250,1500,750,2500,1500,0,1000
24850,100,250,100,166.6666667,2500,1000,2333.333333,250,1000,250,1500,750,10000,1500,3000,150
19566.66667,350,1250,1000,41.66666667,500,1000,2333.333333,41.66666667,300,250,250,1000,10000,500,0,750
18250,100,1250,1000,41.66666667,1500,1000,500,208.3333333,1000,1500,750,1000,6000,1500,500,400
18016.66667,600,1500,100,41.66666667,2500,750,2333.333333,41.66666667,0,1250,1250,0,6000,1500,0,150
19225,700,250,450,500,3000,300,1333.333333,41.66666667,750,1500,1250,0,2500,3500,3000,150
19550,600,750,450,375,500,750,2333.333333,41.66666667,1000,1500,1500,750,2500,3500,2000,1000
24391.66667,600,1250,850,166.6666667,3000,750,1333.333333,41.66666667,0,1250,750,0,10000,3500,500,400
18983.33333,350,250,100,41.66666667,2500,50,2333.333333,208.3333333,750,250,250,750,6000,5000,0,150
26808.33333,700,1250,1000,375,2500,1000,2333.333333,250,750,750,1500,750,10000,500,3000,150
20825,350,750,100,166.6666667,1500,750,2333.333333,125,0,750,1500,1000,2500,5000,3000,1000
11325,600,1250,100,166.6666667,500,300,500,208.3333333,300,1250,750,0,2500,500,2000,400
16033.33333,600,250,450,375,2500,750,1333.333333,125,0,750,1250,750,6000,500,0,400
14208.33333,100,1500,100,166.6666667,500,300,1333.333333,208.3333333,0,250,1250,350,2500,3500,2000,150
15633.33333,600,250,100,41.66666667,500,750,1333.333333,208.3333333,750,1250,750,350,2500,3500,2000,750
19883.33333,600,1500,1000,375,500,300,500,208.3333333,0,1250,1250,750,6000,3500,2000,150
21816.66667,100,1250,850,166.6666667,1500,1000,500,250,300,1500,250,1000,8500,1500,3000,150
20458.33333,350,250,850,166.6666667,3000,50,500,41.66666667,1000,1500,250,350,8500,3500,0,150
23025,600,1500,1000,375,3000,50,500,250,750,250,1250,1000,6000,5000,500,1000
17041.66667,600,750,450,166.6666667,3000,50,500,125,300,1500,250,350,6000,1500,500,1000
14741.66667,600,1500,100,500,2500,1000,500,41.66666667,0,750,250,0,2500,3500,0,1000
19075,350,1500,450,375,500,50,2000,250,1000,750,1250,350,6000,3500,0,750
18725,600,1500,1000,500,3000,750,2333.333333,41.66666667,750,1500,1500,750,2500,500,500,1000
23141.66667,100,1500,450,500,3000,1000,2333.333333,208.3333333,300,1500,750,1000,6000,500,3000,1000
16225,600,1500,450,500,500,300,500,125,750,1250,1250,750,2500,1500,3000,750
22641.66667,600,750,1000,500,3000,750,1333.333333,208.3333333,1000,1250,1500,0,8500,1500,0,750
19625,100,750,1000,375,500,1000,2000,250,1000,1500,1250,0,6000,500,3000,400
25691.66667,100,1500,1000,500,2500,300,2000,41.66666667,750,1500,1250,1000,6000,3500,3000,750
21850,700,250,450,375,3000,1000,1333.333333,41.66666667,300,1250,750,750,10000,1500,0,150
19200,700,750,450,41.66666667,1500,50,500,208.3333333,750,750,1250,750,2500,5000,3000,1000
24500,350,1500,100,166.6666667,3000,300,1333.333333,250,750,1250,250,1000,10000,500,3000,750
19716.66667,100,1500,100,375,3000,50,1333.333333,208.3333333,300,1500,1500,1000,6000,1500,500,750
19950,700,1500,450,375,1500,300,2000,125,750,250,250,0,10000,500,500,750
16775,700,1500,450,166.6666667,3000,750,2000,208.3333333,0,750,750,350,2500,3500,0,150
21091.66667,600,1250,450,500,1500,1000,2000,41.66666667,0,250,1250,350,10000,1500,0,400
14983.33333,350,750,1000,500,500,300,1333.333333,250,750,250,1250,1000,2500,1500,2000,750
22375,100,750,1000,166.6666667,3000,1000,500,208.3333333,0,1250,1250,1000,8500,500,3000,150
23750,100,250,1000,375,3000,750,500,125,1000,750,1500,750,10000,1500,2000,150
22591.66667,350,1500,1000,166.6666667,500,300,500,125,300,1250,1500,350,8500,5000,500,750
17491.66667,100,1500,850,166.6666667,2500,750,500,125,750,250,1500,350,6000,1500,500,150
21716.66667,700,250,1000,41.66666667,3000,750,1333.333333,41.66666667,1000,1500,250,350,6000,1500,3000,1000
20758.33333,700,1500,850,500,500,50,500,208.3333333,300,250,1250,0,10000,3500,500,150
28166.66667,600,1250,850,375,3000,50,2333.333333,208.3333333,1000,1500,750,350,8500,5000,2000,400
22133.33333,600,750,450,375,500,750,500,208.3333333,1000,1250,1250,350,8500,3500,2000,150
26200,100,1500,1000,375,3000,1000,2000,125,0,250,750,350,10000,5000,0,750
21266.66667,700,1250,850,41.66666667,2500,1000,2333.333333,41.66666667,300,250,750,0,6000,1500,3000,750
24083.33333,700,750,850,41.66666667,2500,750,2333.333333,208.3333333,300,1500,1500,1000,6000,5000,500,150
16808.33333,600,750,450,166.6666667,2500,750,500,41.66666667,300,1500,1500,1000,2500,500,3000,750
23333.33333,350,750,1000,41.66666667,3000,1000,500,41.66666667,1000,1500,1250,750,8500,3500,0,150
17633.33333,700,1250,850,500,500,50,1333.333333,250,300,250,1500,750,2500,3500,3000,400
25475,700,1500,850,166.6666667,3000,300,2333.333333,125,1000,250,1500,0,6000,5000,2000,750
23941.66667,700,250,100,500,2500,750,2000,41.66666667,1000,1500,1500,350,8500,500,3000,750
27700,700,250,100,500,500,750,2000,250,750,1500,1250,750,10000,5000,3000,400
21675,700,1500,1000,41.66666667,500,750,2333.333333,250,0,750,1500,350,8500,500,2000,1000
20575,600,250,1000,41.66666667,1500,750,2333.333333,250,0,1500,750,350,8500,1500,500,750
22116.66667,600,1500,450,41.66666667,1500,300,2000,125,0,1250,1250,350,10000,1500,500,750
14925,700,1250,450,166.6666667,1500,300,2000,208.3333333,1000,750,250,350,2500,500,2000,1000
25925,350,1250,1000,500,1500,1000,2000,125,300,750,750,1000,8500,3500,3000,400
22058.33333,600,1250,450,166.6666667,500,50,1333.333333,208.3333333,1000,250,750,350,8500,3500,3000,150
21716.66667,600,250,1000,375,3000,300,2000,41.66666667,0,1250,1500,1000,8500,1500,0,400
16825,600,1250,1000,166.6666667,2500,50,1333.333333,125,300,1250,250,0,6000,500,500,1000
17233.33333,100,750,850,41.66666667,3000,50,1333.333333,208.3333333,0,1250,1250,1000,2500,1500,3000,400
21666.66667,350,250,450,375,500,300,2000,41.66666667,750,750,1500,0,8500,3500,2000,400
23808.33333,600,1250,100,500,2500,750,500,208.3333333,0,250,250,0,10000,3500,3000,400
16333.33333,100,250,450,41.66666667,2500,50,2000,41.66666667,750,1250,1500,1000,2500,500,3000,400
24216.66667,700,250,850,41.66666667,2500,750,1333.333333,41.66666667,1000,1500,750,1000,10000,500,2000,1000
23691.66667,350,1250,450,166.6666667,500,1000,2333.333333,41.66666667,750,750,1500,350,10000,1500,2000,750
22808.33333,350,1250,450,166.6666667,3000,1000,2333.333333,208.3333333,300,1250,750,350,6000,5000,0,400
25866.66667,700,1500,1000,375,2500,750,2000,41.66666667,750,1500,750,350,8500,5000,0,150
17491.66667,600,750,450,166.6666667,1500,1000,2000,125,0,1250,1250,750,2500,5000,0,150
20950,700,1250,1000,41.66666667,2500,50,2000,208.3333333,300,750,250,0,6000,5000,500,400
23258.33333,100,1250,1000,500,1500,750,2000,208.3333333,300,750,1250,750,8500,3500,500,400
17941.66667,100,1500,1000,166.6666667,2500,300,2333.333333,41.66666667,750,1250,1250,750,2500,500,2000,1000
29383.33333,350,1250,450,41.66666667,1500,1000,2333.333333,208.3333333,750,1500,250,1000,10000,5000,3000,750
21925,100,250,850,500,1500,1000,500,125,0,750,1250,350,6000,5000,3000,750
17825,600,250,450,166.6666667,1500,750,500,208.3333333,300,1250,250,350,10000,500,0,750
15425,600,750,450,500,500,50,1333.333333,41.66666667,300,1250,750,0,6000,500,2000,400
18516.66667,100,250,850,41.66666667,3000,750,2000,125,750,1500,750,750,6000,1500,0,150
22891.66667,350,1500,850,166.6666667,1500,300,1333.333333,41.66666667,1000,750,1500,350,8500,3500,500,750
19741.66667,700,750,850,166.6666667,500,1000,2333.333333,41.66666667,1000,1250,1500,750,6000,500,2000,400
14800,600,750,450,41.66666667,500,750,2333.333333,125,0,250,1500,350,6000,500,500,150
26458.33333,600,1500,850,166.6666667,3000,50,1333.333333,208.3333333,750,750,750,1000,10000,1500,3000,1000
25025,700,750,850,41.66666667,3000,300,1333.333333,250,300,250,250,1000,8500,3500,3000,1000
25100,700,1500,100,166.6666667,3000,750,2333.333333,250,300,250,750,750,10000,3500,0,750
23441.66667,600,750,450,500,2500,300,2000,41.66666667,300,1250,750,350,10000,500,3000,150
21900,700,250,100,41.66666667,1500,300,2333.333333,125,300,1500,750,350,10000,500,3000,150
21258.33333,700,250,100,166.6666667,1500,750,500,41.66666667,0,750,1500,0,8500,3500,2000,1000
20141.66667,100,250,850,500,2500,750,500,41.66666667,1000,750,1250,1000,10000,500,0,150
23625,100,1250,1000,375,3000,750,2000,250,1000,750,1250,750,8500,500,2000,150
17225,100,1250,850,500,3000,300,1333.333333,41.66666667,1000,1500,250,350,2500,1500,2000,750
26150,350,1500,850,41.66666667,3000,750,500,208.3333333,300,1500,1500,1000,10000,1500,3000,150
26641.66667,100,750,1000,500,1500,1000,1333.333333,208.3333333,1000,1250,750,750,10000,3500,2000,1000
13033.33333,600,1250,850,41.66666667,500,750,2000,41.66666667,0,750,1500,0,2500,1500,0,750
26841.66667,600,1500,100,500,2500,1000,1333.333333,208.3333333,0,750,1500,350,10000,5000,500,1000
14833.33333,350,1250,450,375,500,750,2333.333333,125,300,250,250,1000,6000,500,0,400
15016.66667,100,750,1000,41.66666667,1500,750,2333.333333,41.66666667,1000,1250,250,1000,2500,1500,0,1000
18750,100,250,850,41.66666667,1500,750,1333.333333,125,300,1500,750,1000,2500,5000,2000,750
23350,700,1500,850,375,3000,300,2333.333333,41.66666667,1000,1250,1250,350,8500,1500,0,400
27216.66667,350,1500,450,166.6666667,2500,750,2000,250,1000,1500,750,0,10000,5000,0,1000
19275,700,1250,1000,500,500,300,2333.333333,41.66666667,750,1250,1500,1000,2500,5000,500,150
24216.66667,100,1500,1000,375,500,300,2000,41.66666667,1000,1250,1500,750,10000,1500,2000,400
22700,350,750,450,375,2500,300,2000,125,0,250,1500,350,6000,5000,2000,750
9441.666667,350,250,100,41.66666667,1500,50,500,250,1000,250,250,0,2500,1500,500,400
26450,100,1250,850,375,2500,750,2333.333333,41.66666667,0,1250,250,1000,8500,3500,3000,750
22566.66667,350,1500,1000,375,500,750,2000,41.66666667,300,1500,750,1000,10000,1500,0,1000
28958.33333,100,250,850,166.6666667,2500,750,2333.333333,208.3333333,300,750,750,1000,10000,5000,3000,1000
18666.66667,600,1250,100,41.66666667,3000,50,2333.333333,41.66666667,0,1500,750,0,2500,3500,2000,1000
22191.66667,700,1250,450,500,1500,750,1333.333333,208.3333333,0,1250,750,1000,10000,1500,0,1000
14116.66667,100,250,1000,41.66666667,2500,300,1333.333333,41.66666667,300,1500,250,350,2500,1500,2000,150
22883.33333,350,1250,1000,41.66666667,1500,50,2333.333333,208.3333333,0,250,250,1000,10000,1500,3000,150
19325,700,250,850,375,1500,1000,500,250,1000,1500,250,1000,8500,1500,0,150
20350,350,250,850,375,2500,1000,1333.333333,41.66666667,750,250,750,0,10000,1500,0,400
13566.66667,350,1250,850,375,1500,300,1333.333333,208.3333333,1000,750,1250,0,2500,1500,0,400
12700,350,1500,450,41.66666667,500,50,1333.333333,125,750,750,750,350,2500,500,2000,750
21433.33333,350,1250,450,375,1500,300,1333.333333,125,750,1250,750,1000,8500,500,2000,1000
21025,350,250,100,41.66666667,3000,50,1333.333333,250,1000,250,1250,1000,8500,3500,0,150
12525,100,1250,850,500,3000,300,2000,125,0,250,250,750,2500,500,0,150
12625,700,250,1000,500,500,750,500,125,300,1500,1250,750,2500,500,500,1000
17133.33333,350,1500,850,375,2500,750,500,208.3333333,1000,1250,250,350,2500,3500,500,750
21041.66667,350,1250,1000,166.6666667,500,750,500,125,1000,1250,250,0,8500,5000,0,400
23633.33333,700,1250,1000,375,3000,300,2000,208.3333333,300,750,1500,750,8500,1500,500,1000
23108.33333,600,750,450,166.6666667,3000,750,500,41.66666667,750,1250,1500,350,8500,1500,2000,1000
24058.33333,100,1250,450,166.6666667,500,300,1333.333333,208.3333333,0,1500,1250,350,10000,3500,3000,150
18841.66667,100,1250,100,41.66666667,3000,1000,2000,250,0,1500,750,350,6000,1500,0,1000
19525,100,1250,100,500,500,750,2000,125,300,250,1250,1000,8500,500,2000,400
16141.66667,600,1250,850,166.6666667,3000,300,2000,125,0,250,250,350,2500,1500,2000,1000
17650,700,1500,1000,375,1500,50,1333.333333,41.66666667,0,250,250,1000,8500,500,500,150
24266.66667,350,1500,1000,41.66666667,3000,300,2000,125,300,750,1250,1000,10000,500,2000,150
20883.33333,600,1500,1000,375,3000,50,2333.333333,125,0,1250,250,0,6000,3500,500,400
25283.33333,700,250,1000,41.66666667,500,1000,2000,41.66666667,1000,250,1250,1000,10000,5000,500,750
23700,350,1500,450,500,1500,300,2000,250,0,1500,250,350,6000,5000,3000,750
22058.33333,350,1250,850,166.6666667,2500,50,2000,41.66666667,750,750,1500,350,10000,500,0,1000
20500,600,1500,450,500,1500,50,2000,250,300,250,1250,350,8500,1500,500,1000
16608.33333,700,1500,450,166.6666667,3000,300,2333.333333,208.3333333,300,750,250,0,2500,3500,500,150
14475,100,250,1000,41.66666667,500,1000,2333.333333,250,1000,1250,750,0,2500,500,2000,1000
25375,700,750,1000,166.6666667,1500,50,2000,208.3333333,750,250,1500,750,8500,3500,3000,750
23866.66667,600,750,850,41.66666667,3000,50,500,125,300,250,1250,1000,10000,5000,0,150
14650,100,1250,850,375,500,50,2000,125,0,750,250,750,6000,1500,0,150
26291.66667,350,1500,100,500,3000,300,2000,41.66666667,750,250,1250,350,10000,5000,500,400
21666.66667,100,1250,100,41.66666667,3000,50,500,125,1000,250,1250,0,8500,1500,3000,1000
18908.33333,100,250,850,166.6666667,2500,1000,500,41.66666667,1000,1250,250,750,2500,5000,2000,750
25725,700,250,100,166.6666667,2500,300,1333.333333,125,750,1500,1250,1000,8500,3500,3000,750
23075,350,1250,100,500,2500,750,2333.333333,41.66666667,750,1500,1250,350,8500,500,2000,400
22683.33333,350,1500,850,41.66666667,1500,300,500,41.66666667,1000,250,250,350,10000,5000,0,750
16191.66667,700,1250,450,166.6666667,3000,750,2000,125,750,750,1500,350,2500,1500,0,400
15683.33333,100,1250,100,41.66666667,3000,750,500,41.66666667,1000,750,750,1000,2500,3500,0,400
22933.33333,100,750,850,375,2500,1000,2333.333333,125,750,250,1500,0,8500,1500,2000,400
20275,100,1500,850,500,500,300,2000,125,0,1250,250,0,10000,500,2000,400
23558.33333,100,750,850,166.6666667,3000,750,2000,41.66666667,750,750,1250,0,8500,1500,3000,150
13375,600,250,100,166.6666667,1500,300,2000,208.3333333,1000,750,750,0,2500,500,2000,750
17116.66667,350,750,100,41.66666667,1500,750,2333.333333,41.66666667,1000,1250,1250,1000,2500,3500,0,750
18650,700,750,100,375,3000,1000,1333.333333,41.66666667,1000,1250,250,350,2500,5000,0,1000
21458.33333,600,1500,850,166.6666667,3000,50,500,41.66666667,1000,750,250,1000,8500,500,2000,750
22775,700,1500,450,166.6666667,1500,750,2333.333333,125,1000,1500,250,350,10000,1500,500,150
24291.66667,700,1250,1000,500,500,50,2333.333333,208.3333333,0,250,250,1000,8500,5000,2000,750
19816.66667,350,750,850,166.6666667,2500,300,500,250,1000,250,250,1000,6000,5000,500,150
25750,600,1500,450,375,500,50,2333.333333,41.66666667,1000,1500,1500,0,10000,3500,2000,400
24958.33333,350,750,450,166.6666667,500,300,500,41.66666667,300,750,1500,350,10000,5000,3000,1000
16716.66667,350,750,1000,41.66666667,2500,750,2333.333333,41.66666667,300,250,750,750,2500,3500,500,400
21008.33333,600,750,850,500,500,300,2333.333333,125,300,250,750,1000,8500,3500,0,750
23141.66667,100,1500,450,41.66666667,500,300,2000,250,750,750,1500,0,10000,3500,500,1000
24683.33333,350,1500,1000,500,500,750,1333.333333,250,0,750,1500,1000,10000,1500,3000,750
17333.33333,350,1500,1000,500,500,300,1333.333333,250,1000,1250,250,350,2500,3500,2000,750
24616.66667,350,1250,1000,375,2500,50,1333.333333,208.3333333,300,1500,750,350,10000,1500,3000,150
23841.66667,700,250,100,41.66666667,1500,1000,2000,250,1000,1500,750,1000,8500,1500,3000,750
21608.33333,350,1500,100,166.6666667,500,1000,500,41.66666667,300,1250,1250,750,10000,500,3000,400
20200,350,250,100,166.6666667,3000,750,2333.333333,250,750,1250,1500,750,6000,1500,500,750
24041.66667,700,250,1000,166.6666667,2500,50,2333.333333,41.66666667,1000,750,1500,750,10000,1500,500,1000
24558.33333,700,1250,850,500,3000,1000,1333.333333,125,300,250,750,0,8500,5000,0,1000
22366.66667,600,750,450,166.6666667,2500,1000,500,250,750,750,250,750,8500,5000,0,150
16183.33333,100,250,1000,41.66666667,2500,750,500,41.66666667,0,1500,750,1000,6000,500,500,750
23008.33333,700,1500,450,500,2500,1000,1333.333333,125,750,750,750,0,6000,3500,3000,150
27458.33333,600,1500,450,375,2500,300,2333.333333,250,750,250,250,750,10000,5000,2000,150
18558.33333,350,750,100,500,2500,750,500,208.3333333,750,1250,750,0,8500,1500,0,150
21350,100,1500,450,375,2500,300,1333.333333,41.66666667,1000,1500,1500,0,6000,3500,500,750
18983.33333,700,1250,450,41.66666667,1500,1000,500,41.66666667,1000,1250,750,0,6000,1500,2000,1000
24666.66667,700,1500,1000,375,3000,50,1333.333333,208.3333333,750,1500,1500,0,8500,1500,2000,750
20058.33333,350,750,100,166.6666667,3000,1000,500,41.66666667,1000,1250,250,750,6000,1500,3000,400
19016.66667,350,750,1000,166.6666667,2500,1000,500,250,750,750,250,350,6000,3500,500,400
18283.33333,700,1500,100,375,2500,750,500,208.3333333,300,750,250,350,8500,500,0,1000
23800,600,1500,850,166.6666667,2500,300,2333.333333,250,300,750,250,1000,8500,3500,0,1000
18008.33333,700,250,850,500,500,50,2000,208.3333333,300,1500,1250,0,8500,500,500,400
20016.66667,600,750,850,375,500,750,2000,41.66666667,300,750,1250,350,8500,1500,500,1000
23408.33333,350,250,100,500,500,750,2333.333333,125,750,1250,750,350,8500,3500,3000,400
21908.33333,700,1250,450,166.6666667,3000,300,1333.333333,208.3333333,1000,1500,1500,0,6000,1500,2000,1000
20600,100,250,1000,166.6666667,500,750,1333.333333,250,1000,1500,250,1000,6000,3500,2000,1000
19333.33333,100,1250,850,41.66666667,1500,50,500,41.66666667,1000,750,750,1000,2500,5000,3000,1000
20700,700,250,450,375,1500,300,1333.333333,41.66666667,750,1250,1500,1000,6000,1500,3000,750
23791.66667,350,250,100,500,2500,50,2000,41.66666667,0,1500,1250,1000,10000,3500,0,750
21591.66667,350,1250,450,166.6666667,3000,300,1333.333333,41.66666667,300,250,1500,0,8500,3500,500,150
23025,350,250,100,41.66666667,2500,300,2333.333333,250,750,750,1250,750,8500,1500,3000,400
17050,350,1250,1000,166.6666667,500,1000,1333.333333,250,300,1500,1500,1000,6000,500,0,400
15125,600,1500,100,41.66666667,2500,1000,1333.333333,250,300,250,1250,750,2500,1500,500,750
20483.33333,100,1250,100,500,2500,1000,2333.333333,250,300,1500,750,0,6000,500,3000,400
19316.66667,600,750,850,375,2500,300,1333.333333,208.3333333,0,250,750,750,6000,1500,3000,150
21341.66667,700,1500,1000,500,1500,750,500,41.66666667,1000,750,250,350,6000,3500,2000,1000
25258.33333,700,1250,850,375,3000,750,2333.333333,250,1000,1250,750,0,8500,3500,0,750
21400,350,750,1000,375,2500,300,500,125,0,1500,750,750,10000,1500,0,1000
19958.33333,700,750,850,500,2500,50,500,208.3333333,0,750,750,1000,8500,500,2000,400
19575,350,250,450,375,1500,1000,2000,250,1000,1250,250,1000,8500,500,500,400
23183.33333,350,1500,1000,375,500,50,2333.333333,125,300,1500,1250,750,8500,1500,3000,150
16375,350,750,450,166.6666667,500,300,500,208.3333333,1000,250,250,1000,2500,5000,3000,150
17250,350,250,100,41.66666667,3000,50,500,208.3333333,0,750,250,750,8500,1500,0,1000
22608.33333,100,250,100,500,3000,50,2000,208.3333333,300,250,750,350,6000,5000,3000,750
21225,600,1250,1000,166.6666667,500,50,2333.333333,125,300,1500,1500,0,6000,5000,500,400
21183.33333,100,250,1000,500,2500,300,2333.333333,250,300,250,1250,1000,8500,500,2000,150
11625,350,250,1000,166.6666667,1500,750,2333.333333,125,0,1500,250,0,2500,500,0,400
17266.66667,600,1500,100,375,2500,1000,500,41.66666667,1000,1250,1500,0,6000,500,0,400
22516.66667,700,750,850,41.66666667,3000,50,500,125,1000,1500,1250,350,10000,1500,500,400
17241.66667,100,250,100,500,2500,1000,2000,41.66666667,0,1500,1500,350,6000,500,500,400
23550,100,750,1000,41.66666667,1500,50,2000,208.3333333,750,750,1250,1000,8500,5000,500,150
22150,700,250,1000,41.66666667,500,300,1333.333333,125,750,1250,250,750,10000,1500,3000,400
22575,100,1250,100,375,2500,1000,2000,250,1000,1250,750,350,6000,5000,500,150
19975,600,1250,100,375,1500,1000,2000,250,0,750,750,0,6000,5000,0,400
13508.33333,700,250,850,166.6666667,1500,750,2333.333333,208.3333333,1000,250,1500,350,2500,500,500,150
20200,350,1500,450,375,500,750,1333.333333,41.66666667,1000,250,250,0,8500,1500,3000,400
12141.66667,700,1500,850,41.66666667,2500,300,500,250,0,250,250,350,2500,1500,500,150
22533.33333,100,750,450,375,500,750,500,208.3333333,0,750,1500,1000,10000,3500,2000,150
14383.33333,100,750,850,375,500,50,500,208.3333333,300,250,1250,750,2500,5000,0,1000
19058.33333,350,750,450,500,3000,1000,2000,208.3333333,300,1500,750,0,6000,1500,0,750
17750,350,1250,850,375,2500,750,500,125,300,1500,250,750,2500,5000,0,750
21433.33333,600,1250,1000,41.66666667,500,1000,500,41.66666667,0,1500,250,1000,8500,1500,3000,750
24350,600,1500,100,41.66666667,2500,1000,500,208.3333333,750,1500,1500,750,6000,5000,2000,400
15900,600,1500,1000,41.66666667,500,300,500,208.3333333,1000,250,750,1000,6000,1500,0,750
13216.66667,700,250,850,41.66666667,1500,1000,2333.333333,41.66666667,750,1500,750,350,2500,500,0,150
13883.33333,350,1250,1000,41.66666667,1500,50,2000,41.66666667,1000,1250,750,750,2500,500,500,400
19608.33333,100,1500,100,375,1500,50,2333.333333,250,1000,1500,250,0,8500,1500,500,150
22791.66667,700,1250,850,41.66666667,2500,300,500,250,1000,1250,1250,0,10000,500,2000,400
19075,100,250,1000,166.6666667,1500,1000,500,208.3333333,0,250,1250,350,6000,5000,500,1000
16883.33333,700,1500,450,41.66666667,2500,750,1333.333333,208.3333333,750,1250,1250,750,2500,500,2000,400
11100,350,1250,450,41.66666667,500,50,500,208.3333333,750,750,1500,350,2500,1500,0,400
23583.33333,600,1250,450,375,1500,1000,2333.333333,125,300,1500,250,0,10000,1500,2000,400
18425,700,750,850,375,2500,1000,2000,250,750,750,750,750,2500,3500,0,1000
21175,350,1250,1000,166.6666667,2500,300,2000,208.3333333,750,1250,250,0,8500,500,2000,150
15833.33333,600,250,450,500,2500,1000,1333.333333,250,300,1500,250,750,2500,3500,0,150
18875,100,1250,1000,375,1500,1000,2000,250,1000,250,250,750,8500,500,0,150
19883.33333,700,1250,450,500,500,750,2333.333333,250,1000,250,1250,1000,8500,500,500,150
21383.33333,600,1250,450,375,1500,1000,500,208.3333333,0,250,1250,750,6000,3500,3000,750
18008.33333,350,1250,850,375,500,50,1333.333333,250,300,250,1250,350,2500,5000,3000,400
24558.33333,700,1500,1000,500,500,1000,1333.333333,125,750,250,1500,1000,8500,3500,2000,400
15800,600,1250,1000,41.66666667,1500,50,2000,208.3333333,750,250,1250,750,2500,3500,0,150
15475,700,1500,850,166.6666667,500,50,1333.333333,125,1000,1250,250,350,2500,1500,3000,400
23400,700,750,450,41.66666667,500,1000,2000,208.3333333,0,1250,250,350,10000,5000,500,400
24608.33333,700,1500,100,166.6666667,2500,50,2000,41.66666667,300,1500,750,0,6000,5000,3000,1000
18900,100,250,850,375,3000,50,1333.333333,41.66666667,750,750,1500,0,8500,500,500,400
20383.33333,350,1250,450,375,3000,1000,2000,208.3333333,0,1250,1500,750,6000,1500,0,750
13825,600,750,450,166.6666667,500,1000,2000,208.3333333,1000,1500,750,1000,2500,500,500,400
22783.33333,700,250,1000,500,3000,1000,1333.333333,250,750,1500,250,1000,8500,1500,500,750
27016.66667,100,750,100,375,2500,1000,500,41.66666667,0,1500,750,1000,10000,5000,3000,400
21825,700,250,1000,41.66666667,2500,1000,1333.333333,250,0,250,1500,0,8500,3500,0,1000
16750,100,750,850,500,500,50,500,250,750,1250,250,350,8500,1500,500,150
26075,100,1500,850,41.66666667,3000,300,1333.333333,250,300,1500,1250,0,8500,5000,2000,150
26908.33333,350,750,1000,500,2500,50,2000,208.3333333,300,1500,1250,1000,10000,1500,3000,1000
19425,100,1250,1000,41.66666667,2500,300,2333.333333,250,1000,1250,750,750,6000,1500,0,400
20916.66667,600,250,100,375,500,50,2000,41.66666667,0,1250,250,1000,10000,1500,2000,1000
22900,100,1500,100,500,3000,300,2000,250,0,250,1250,0,8500,5000,0,150
20000,600,750,1000,41.66666667,1500,1000,500,208.3333333,750,750,250,0,10000,500,2000,150
24333.33333,100,1250,100,41.66666667,1500,300,2000,41.66666667,750,1500,1250,750,8500,3500,2000,750
16391.66667,700,1250,1000,500,500,750,2333.333333,208.3333333,750,1250,250,0,6000,500,0,400
21625,700,250,450,166.6666667,3000,50,2333.333333,125,300,750,250,350,8500,3500,500,400
24575,700,1250,100,375,1500,1000,500,250,1000,750,250,1000,10000,3500,2000,400
23125,700,750,1000,41.66666667,1500,300,1333.333333,250,0,750,1500,750,8500,5000,0,750
22625,100,1250,1000,375,3000,1000,2000,250,750,250,250,750,6000,3500,2000,150
19941.66667,600,1250,450,500,2500,750,500,41.66666667,1000,1500,250,350,6000,3500,0,750
20350,600,1500,850,375,2500,1000,500,125,1000,1500,1250,750,2500,3500,2000,400
22250,100,750,450,500,3000,50,2000,250,0,250,750,0,8500,3500,2000,150
19175,350,1500,450,41.66666667,500,1000,1333.333333,250,1000,1500,1250,350,6000,3500,0,150
15508.33333,700,250,850,500,1500,1000,500,208.3333333,0,1500,250,0,2500,5000,0,750
24016.66667,600,750,1000,41.66666667,3000,750,1333.333333,41.66666667,750,250,1500,1000,10000,1500,500,1000
15875,100,1500,450,375,500,50,500,250,0,750,1250,750,2500,3500,3000,400
11908.33333,350,750,850,166.6666667,2500,50,2000,41.66666667,300,750,750,0,2500,500,0,400
21208.33333,100,1250,850,500,1500,300,2333.333333,125,0,1500,750,0,6000,5000,0,1000
23133.33333,600,750,450,375,3000,300,2000,208.3333333,300,1250,1250,0,6000,3500,3000,150
15733.33333,350,250,1000,375,3000,750,2000,208.3333333,300,250,750,1000,2500,1500,500,1000
18275,600,1250,100,41.66666667,2500,300,2333.333333,250,750,250,250,750,6000,500,2000,400
21100,350,1250,100,375,2500,1000,1333.333333,41.66666667,750,1250,1250,750,8500,1500,0,150
14491.66667,100,1250,450,166.6666667,1500,1000,2333.333333,41.66666667,300,250,750,350,2500,500,2000,1000
22358.33333,600,1500,850,375,2500,50,2333.333333,250,1000,1500,1500,750,2500,3500,3000,150
19641.66667,100,250,1000,166.6666667,500,1000,2000,125,0,250,250,1000,8500,500,3000,1000
16316.66667,100,750,1000,41.66666667,1500,300,1333.333333,41.66666667,0,1250,750,350,6000,500,2000,400
23408.33333,100,250,100,500,3000,1000,2333.333333,125,750,1500,250,1000,6000,3500,2000,1000
24166.66667,700,1500,1000,375,500,50,1333.333333,208.3333333,750,1500,1500,350,10000,3500,500,400
28383.33333,600,1250,450,41.66666667,500,750,2000,41.66666667,750,1500,1500,0,10000,5000,3000,1000
20566.66667,350,250,450,375,3000,1000,500,41.66666667,750,250,1500,350,10000,500,500,750
18808.33333,600,1500,450,500,3000,300,2000,208.3333333,750,1500,250,350,2500,1500,3000,400
15350,100,1250,100,166.6666667,500,50,1333.333333,250,1000,1250,750,350,2500,5000,0,750
20091.66667,700,1250,100,166.6666667,3000,50,2333.333333,41.66666667,300,250,1250,1000,6000,1500,2000,150
18516.66667,700,250,100,41.66666667,1500,50,2333.333333,41.66666667,1000,1500,750,0,2500,5000,2000,750
18208.33333,350,250,850,500,2500,300,1333.333333,125,0,1250,750,350,6000,3500,0,150
19983.33333,600,1500,850,41.66666667,500,300,500,41.66666667,300,1250,750,350,10000,1500,500,1000
12166.66667,350,250,1000,375,500,750,1333.333333,208.3333333,750,250,250,750,2500,500,2000,400
16866.66667,700,1250,100,41.66666667,500,1000,2000,125,750,250,1250,0,6000,500,2000,400
24166.66667,600,250,1000,375,500,750,2333.333333,208.3333333,0,1250,1500,1000,8500,3500,2000,400
24575,600,1500,450,41.66666667,2500,1000,1333.333333,250,750,750,750,1000,10000,1500,2000,150
28091.66667,700,250,100,166.6666667,2500,1000,2333.333333,41.66666667,750,1500,1500,350,10000,3500,3000,400
20558.33333,600,1500,850,166.6666667,2500,1000,2000,41.66666667,750,250,250,1000,6000,500,3000,150
25000,100,1250,1000,375,2500,750,2000,125,750,250,1250,0,10000,1500,3000,150
26083.33333,600,250,450,500,2500,50,1333.333333,250,750,250,1500,1000,10000,3500,3000,150
18658.33333,100,250,100,375,3000,750,2333.333333,250,750,250,750,750,2500,5000,500,1000
15391.66667,100,750,1000,500,1500,300,500,41.66666667,300,250,1250,750,6000,1500,500,150
15683.33333,100,1500,100,375,2500,750,500,208.3333333,1000,250,1250,750,2500,3500,0,400
15025,600,250,1000,166.6666667,500,300,500,208.3333333,0,1500,1250,350,2500,5000,500,400
16016.66667,600,250,100,41.66666667,1500,750,2333.333333,41.66666667,1000,1500,1500,1000,2500,500,2000,400
23275,700,1250,100,166.6666667,3000,300,2333.333333,125,300,250,250,0,10000,3500,0,1000
22825,100,750,450,500,500,1000,500,125,1000,750,750,750,8500,5000,2000,150
14983.33333,600,1500,100,41.66666667,2500,300,1333.333333,208.3333333,300,1500,750,350,2500,1500,500,1000
22616.66667,700,1500,450,375,500,300,2000,41.66666667,0,250,250,350,8500,5000,2000,400
20191.66667,600,1250,850,41.66666667,500,50,2000,250,0,1500,750,0,8500,500,3000,400
20183.33333,350,250,100,41.66666667,500,1000,2000,41.66666667,750,250,1250,750,6000,3500,3000,400
20850,600,1250,450,375,2500,300,2000,125,1000,750,750,1000,2500,3500,3000,750
17133.33333,100,1500,450,41.66666667,3000,750,500,41.66666667,1000,750,1250,1000,2500,3500,0,750
25550,600,750,1000,375,3000,50,2333.333333,41.66666667,750,750,750,750,8500,5000,500,400
17900,350,1500,850,41.66666667,1500,300,500,208.3333333,1000,750,250,0,8500,1500,500,150
26800,100,1250,450,41.66666667,1500,1000,1333.333333,125,1000,1250,1500,750,8500,5000,2000,1000
21216.66667,350,750,100,41.66666667,3000,1000,2000,125,1000,750,750,350,8500,1500,0,1000
24908.33333,350,250,100,166.6666667,2500,50,2000,41.66666667,300,1500,1500,1000,10000,5000,0,150
22408.33333,700,1250,1000,166.6666667,3000,300,500,41.66666667,300,250,1250,0,10000,500,3000,150
20375,350,750,100,500,3000,50,500,125,0,750,1500,350,10000,1500,500,400
20975,350,1250,100,375,3000,750,500,250,0,1500,250,1000,10000,1500,0,150
23216.66667,600,750,450,375,1500,750,2000,41.66666667,750,250,750,0,8500,3500,2000,1000
18041.66667,100,750,850,41.66666667,3000,50,2000,250,750,250,1250,0,2500,3500,2000,750
24900,600,1250,1000,375,1500,1000,2333.333333,41.66666667,300,1250,1250,750,6000,3500,3000,750
12691.66667,350,1250,850,500,500,300,2000,41.66666667,0,750,1500,750,2500,500,500,400
20191.66667,350,750,1000,166.6666667,500,300,500,125,0,750,250,1000,10000,1500,2000,1000
17525,600,250,850,166.6666667,500,50,500,208.3333333,1000,250,1250,750,10000,500,500,150
24900,100,1250,1000,375,3000,50,500,125,1000,750,1500,1000,10000,3500,0,750
16066.66667,100,1250,1000,166.6666667,500,50,2000,250,750,250,1250,1000,2500,3500,500,1000
12850,100,250,450,41.66666667,1500,300,1333.333333,125,0,1250,1250,1000,2500,1500,500,750
22033.33333,700,750,450,500,2500,300,2333.333333,250,0,750,250,750,6000,5000,500,1000
14525,700,250,1000,500,1500,1000,2000,125,300,750,750,1000,2500,1500,500,150
19416.66667,700,750,850,375,2500,750,2333.333333,208.3333333,300,1500,1500,0,2500,5000,0,150
12941.66667,350,1500,1000,41.66666667,500,300,500,250,0,1250,1500,750,2500,1500,0,1000
12633.33333,350,250,100,41.66666667,2500,300,500,41.66666667,300,1250,250,750,2500,500,2000,1000
13941.66667,100,250,450,166.6666667,500,300,1333.333333,41.66666667,300,250,250,1000,6000,1500,500,1000
31458.33333,700,1500,450,166.6666667,2500,1000,2000,41.66666667,1000,1250,1500,350,10000,5000,3000,1000
17725,700,1250,450,41.66666667,3000,1000,1333.333333,250,300,250,750,0,2500,3500,2000,400
22416.66667,600,1250,850,41.66666667,3000,300,1333.333333,41.66666667,0,1250,750,350,10000,500,2000,150
14008.33333,700,250,850,166.6666667,3000,1000,1333.333333,208.3333333,750,750,750,0,2500,500,500,750
20383.33333,100,1250,1000,41.66666667,3000,300,2333.333333,208.3333333,750,1250,1250,1000,6000,1500,0,400
26275,600,1500,1000,166.6666667,500,300,500,208.3333333,1000,1250,750,750,10000,5000,2000,750
21300,600,1500,1000,375,500,50,2000,125,1000,1500,750,750,6000,5000,0,150
14825,100,250,850,166.6666667,500,1000,500,208.3333333,750,1250,750,350,6000,1500,500,150
21216.66667,700,750,450,375,2500,300,1333.333333,208.3333333,0,750,1250,350,10000,1500,0,750
18108.33333,600,250,450,500,1500,300,2000,208.3333333,300,750,1250,1000,2500,3500,2000,1000
21791.66667,100,250,100,41.66666667,500,1000,500,250,300,1500,750,0,10000,3500,2000,1000
21000,100,1500,450,375,2500,300,1333.333333,41.66666667,1000,1250,250,1000,6000,1500,3000,400
21350,100,1250,450,375,500,750,2000,125,300,750,750,350,8500,5000,0,150
22325,350,750,450,500,2500,1000,2000,125,0,1250,1250,750,6000,5000,0,400
20183.33333,700,1250,100,41.66666667,500,300,2000,41.66666667,1000,1250,1250,1000,8500,1500,0,750
27700,600,750,850,41.66666667,2500,50,2333.333333,125,300,750,1250,1000,10000,5000,2000,150
11416.66667,100,1250,850,166.6666667,500,1000,500,250,300,750,1250,350,2500,1500,0,150
23008.33333,600,750,100,375,500,750,2333.333333,250,750,250,1250,350,6000,5000,3000,750
19233.33333,350,1250,1000,375,500,50,2333.333333,125,750,750,750,1000,2500,3500,3000,1000
20925,100,250,850,41.66666667,500,750,2333.333333,250,1000,1250,1500,350,10000,500,500,750
23391.66667,700,750,850,166.6666667,500,300,2000,125,750,750,750,350,10000,5000,0,400
17416.66667,100,1250,450,41.66666667,2500,300,2333.333333,41.66666667,750,250,1250,0,2500,3500,2000,150
19491.66667,100,1500,100,166.6666667,500,750,500,125,750,1500,1500,750,2500,5000,3000,750
14500,600,1250,1000,166.6666667,500,300,2333.333333,250,0,1250,1250,350,2500,1500,500,750
23725,100,1250,100,375,500,1000,500,250,750,1250,1250,1000,10000,5000,0,400
23791.66667,350,250,1000,41.66666667,2500,750,2000,250,0,1500,1500,750,6000,3500,3000,400
15283.33333,600,250,450,41.66666667,3000,50,500,41.66666667,750,750,1250,350,2500,3500,500,750
18408.33333,100,250,450,166.6666667,1500,1000,2000,41.66666667,750,250,750,0,8500,500,2000,150
24850,350,750,1000,41.66666667,500,1000,2000,208.3333333,1000,250,1250,0,10000,3500,2000,1000
25691.66667,700,750,100,500,500,300,1333.333333,208.3333333,300,1500,750,1000,10000,5000,2000,750
20783.33333,100,750,850,41.66666667,1500,1000,1333.333333,208.3333333,1000,1250,1500,1000,2500,5000,2000,750
24333.33333,600,250,850,41.66666667,500,50,2333.333333,208.3333333,1000,1500,750,0,10000,3500,2000,750
21550,350,750,1000,41.66666667,2500,50,2000,208.3333333,750,750,250,1000,6000,5000,500,400
24050,700,1500,100,166.6666667,2500,750,1333.333333,250,1000,1500,1500,1000,8500,500,2000,750
20116.66667,100,750,100,41.66666667,500,1000,2333.333333,41.66666667,0,750,1500,350,8500,3500,500,150
26175,350,750,850,500,2500,750,1333.333333,41.66666667,1000,1500,1250,350,10000,3500,500,1000
17625,350,250,100,500,2500,300,500,125,0,1500,1250,750,6000,500,2000,1000
21075,100,1500,850,166.6666667,1500,1000,2333.333333,125,0,250,1500,1000,6000,3500,500,750
25033.33333,350,1500,100,41.66666667,1500,1000,1333.333333,208.3333333,1000,250,250,1000,10000,5000,500,1000
19041.66667,600,750,100,166.6666667,3000,300,2000,125,1000,750,1250,1000,2500,1500,3000,1000
21558.33333,100,1250,1000,166.6666667,2500,750,500,41.66666667,1000,750,1500,0,10000,500,500,1000
20750,600,250,850,375,2500,1000,500,125,300,250,1500,750,8500,500,2000,750
31500,700,1500,450,41.66666667,3000,1000,2000,208.3333333,1000,1250,1250,350,10000,5000,3000,750
25141.66667,700,750,100,500,500,300,2000,41.66666667,750,250,750,750,10000,5000,2000,750
26133.33333,350,750,100,500,2500,300,2333.333333,250,300,1250,1500,0,10000,5000,0,1000
22975,700,250,450,166.6666667,2500,300,1333.333333,125,0,750,1250,750,10000,3500,500,400
24841.66667,100,1500,850,500,3000,50,500,41.66666667,300,750,750,750,10000,5000,0,750
19500,100,250,100,166.6666667,3000,300,2333.333333,250,750,1250,1250,350,8500,500,0,400
21858.33333,100,250,100,166.6666667,500,750,1333.333333,208.3333333,300,1500,750,750,8500,3500,3000,150
14708.33333,350,250,450,166.6666667,2500,50,1333.333333,208.3333333,0,1500,750,750,2500,500,3000,400
18275,100,1250,850,375,1500,50,2000,250,1000,250,750,1000,6000,500,2000,400
20825,700,1500,850,500,3000,1000,1333.333333,41.66666667,0,750,1500,0,8500,500,500,150
22975,350,250,100,500,2500,750,2000,125,300,1500,750,350,6000,3500,3000,1000
22291.66667,700,1250,850,500,1500,50,1333.333333,208.3333333,0,1500,750,750,6000,3500,3000,400
19066.66667,600,750,100,41.66666667,2500,50,500,125,750,250,1250,0,8500,500,3000,150
12800,100,1500,100,375,1500,50,1333.333333,41.66666667,300,1250,1250,1000,2500,500,0,1000
16133.33333,700,250,1000,375,3000,300,1333.333333,125,300,1500,250,0,2500,1500,2000,1000
22208.33333,700,1500,1000,166.6666667,500,300,2333.333333,208.3333333,1000,1250,750,350,8500,1500,2000,150
19966.66667,700,1250,450,41.66666667,2500,750,1333.333333,41.66666667,750,250,1500,1000,8500,500,0,400
16833.33333,100,250,100,41.66666667,3000,50,500,41.66666667,750,1500,1500,750,6000,1500,0,750
18741.66667,700,1250,1000,500,1500,750,2000,41.66666667,1000,1500,750,350,2500,1500,3000,400
21208.33333,350,250,450,375,1500,750,1333.333333,250,300,1250,750,1000,8500,3500,500,150
27058.33333,100,1250,850,375,3000,1000,2333.333333,250,0,250,250,0,10000,5000,2000,400
12583.33333,600,1500,850,41.66666667,500,50,2000,41.66666667,0,1500,750,0,2500,1500,0,750
18125,350,1500,850,41.66666667,500,50,2333.333333,250,750,250,1500,350,2500,3500,3000,400
20533.33333,100,250,1000,375,1500,750,2333.333333,125,750,250,250,350,6000,5000,500,1000
20041.66667,100,1500,1000,500,500,300,2333.333333,208.3333333,0,750,750,350,6000,5000,0,750
17733.33333,350,1250,100,41.66666667,1500,50,1333.333333,208.3333333,1000,250,250,1000,6000,3500,500,400
23383.33333,350,750,1000,41.66666667,2500,300,2333.333333,208.3333333,1000,1250,250,1000,8500,3500,0,400
22433.33333,700,750,1000,41.66666667,3000,750,2000,41.66666667,0,250,1500,750,6000,3500,2000,150
24141.66667,600,250,100,166.6666667,2500,50,2333.333333,41.66666667,1000,1250,1250,350,10000,1500,2000,750
22375,350,750,450,375,3000,50,2000,250,750,1250,1250,1000,6000,1500,3000,400
18425,700,750,850,500,500,1000,2000,125,0,1250,750,750,6000,500,2000,750
24683.33333,350,1500,850,41.66666667,3000,750,2333.333333,208.3333333,750,1250,1250,0,10000,1500,500,400
24575,100,250,100,41.66666667,1500,1000,1333.333333,250,0,1250,1500,750,10000,5000,500,1000
22641.66667,100,750,1000,41.66666667,2500,1000,500,250,1000,750,250,1000,6000,3500,3000,1000
24200,600,1250,100,375,2500,750,2000,125,750,1250,1500,350,8500,3500,500,150
24283.33333,700,250,850,41.66666667,2500,300,1333.333333,208.3333333,1000,1250,750,350,6000,5000,3000,750
20558.33333,700,750,850,166.6666667,500,300,1333.333333,208.3333333,1000,1250,250,750,10000,1500,0,1000
16458.33333,100,250,100,500,1500,300,500,208.3333333,0,750,250,750,10000,500,0,750
22000,600,1500,850,41.66666667,1500,1000,2333.333333,125,300,250,250,750,10000,1500,0,1000
23933.33333,350,1250,1000,41.66666667,1500,750,2000,41.66666667,0,250,750,350,8500,5000,2000,150
19391.66667,100,1250,100,166.6666667,2500,750,2333.333333,41.66666667,0,1500,250,750,6000,1500,2000,150
15858.33333,700,1500,450,166.6666667,2500,750,2333.333333,208.3333333,750,1500,250,750,2500,500,0,1000
16991.66667,600,250,850,166.6666667,3000,50,2000,125,300,1250,1500,750,2500,500,3000,150
16216.66667,700,250,450,41.66666667,1500,750,1333.333333,41.66666667,750,1250,750,0,2500,3500,2000,400
17441.66667,350,1500,1000,41.66666667,1500,300,2000,250,750,1250,750,750,2500,1500,2000,1000
16825,700,250,100,41.66666667,1500,1000,1333.333333,250,1000,750,750,750,2500,3500,2000,400
25675,600,250,1000,375,1500,300,2000,250,1000,750,750,0,8500,5000,3000,400
19791.66667,350,750,100,500,500,750,2333.333333,208.3333333,300,1250,1250,750,8500,1500,0,750
18783.33333,100,750,850,41.66666667,2500,750,1333.333333,208.3333333,1000,250,750,350,6000,1500,2000,400
19791.66667,600,1250,100,166.6666667,1500,750,2000,125,300,1500,1500,0,8500,500,0,1000
27875,700,750,850,500,1500,50,2000,125,1000,1500,1250,750,8500,5000,3000,400
22241.66667,100,1500,450,500,3000,50,500,41.66666667,1000,750,1500,350,6000,5000,500,1000
18333.33333,100,1250,100,41.66666667,2500,300,1333.333333,208.3333333,750,750,750,0,8500,500,500,750
12608.33333,600,750,850,166.6666667,500,1000,1333.333333,208.3333333,300,1500,750,1000,2500,500,500,150
19208.33333,600,1250,850,166.6666667,500,50,2333.333333,208.3333333,750,750,750,750,2500,5000,2000,750
18908.33333,700,1250,100,500,500,50,1333.333333,125,750,750,250,350,10000,1500,0,750
24000,350,1500,850,375,2500,50,2000,125,750,1250,1250,0,10000,1500,500,1000
23383.33333,350,250,1000,375,2500,300,500,208.3333333,750,250,250,750,10000,5000,500,400
19841.66667,700,1500,450,166.6666667,500,750,1333.333333,41.66666667,300,250,750,350,8500,500,3000,750
22558.33333,700,1500,850,166.6666667,1500,50,500,41.66666667,1000,1500,750,350,8500,5000,0,150
10591.66667,350,750,100,166.6666667,1500,300,2333.333333,41.66666667,300,750,250,350,2500,500,0,400
20908.33333,350,250,850,500,1500,750,1333.333333,125,0,1250,750,1000,6000,5000,500,750
31033.33333,350,1500,1000,500,3000,1000,2333.333333,250,750,1250,1250,350,10000,3500,3000,1000
16333.33333,700,1500,450,41.66666667,500,1000,500,41.66666667,0,750,750,350,2500,3500,3000,750
26600,350,250,450,500,3000,50,2000,250,1000,1250,250,750,8500,5000,2000,1000
17550,600,750,1000,375,500,300,1333.333333,41.66666667,1000,250,750,750,2500,5000,2000,400
22075,600,250,1000,41.66666667,3000,50,1333.333333,250,300,1250,1500,0,6000,3500,2000,1000
21158.33333,600,250,450,166.6666667,1500,1000,1333.333333,208.3333333,0,1500,750,1000,10000,1500,500,400
19041.66667,600,750,850,166.6666667,500,300,500,125,0,1250,1500,0,6000,5000,500,1000
28700,700,1250,450,500,2500,50,2000,250,0,1250,750,1000,10000,5000,2000,1000
14150,600,1500,1000,41.66666667,1500,300,2333.333333,125,750,1500,750,350,2500,500,0,400
16575,100,750,450,41.66666667,500,750,1333.333333,250,750,1250,250,0,6000,3500,500,150
20266.66667,350,250,100,41.66666667,500,1000,2000,125,0,750,750,750,10000,1500,2000,150
20683.33333,350,1500,850,500,500,750,2333.333333,250,750,1250,250,1000,8500,1500,0,400
21758.33333,350,250,100,500,500,300,1333.333333,125,300,1500,250,0,8500,5000,2000,750
23425,600,1500,1000,166.6666667,1500,50,2000,208.3333333,750,250,1250,750,8500,1500,3000,400
18316.66667,350,250,1000,375,2500,50,2000,41.66666667,750,750,1250,350,6000,500,2000,150
16850,350,750,850,500,3000,750,500,250,1000,250,1250,750,2500,3500,500,150
19000,350,1500,100,375,500,50,1333.333333,41.66666667,0,750,1250,350,8500,1500,2000,400
21625,700,1500,450,166.6666667,2500,300,2000,208.3333333,300,1250,750,1000,6000,1500,2000,1000
22083.33333,100,1500,100,500,1500,300,1333.333333,250,0,250,250,1000,8500,3500,2000,1000
22458.33333,350,750,850,375,1500,300,1333.333333,250,0,750,750,750,10000,3500,0,1000
25408.33333,700,1500,1000,166.6666667,500,50,2000,41.66666667,300,750,1500,1000,8500,5000,2000,400
16916.66667,350,750,100,41.66666667,500,50,2333.333333,41.66666667,0,750,250,0,10000,500,500,750
18541.66667,350,750,850,41.66666667,3000,300,2000,250,1000,1500,1500,1000,2500,500,2000,1000
21941.66667,100,750,1000,166.6666667,2500,300,1333.333333,41.66666667,0,1250,250,350,10000,500,3000,400
21675,100,750,1000,41.66666667,500,50,2333.333333,250,1000,750,1250,1000,8500,3500,500,150
19025,350,750,100,41.66666667,500,1000,2333.333333,250,300,250,1250,750,6000,5000,0,150
22258.33333,350,750,850,166.6666667,1500,1000,2000,41.66666667,750,250,1500,350,8500,3500,0,750
22166.66667,100,1250,850,375,3000,50,2333.333333,208.3333333,1000,750,750,1000,2500,5000,2000,1000
26775,600,1500,850,166.6666667,3000,750,1333.333333,125,300,1250,1250,1000,10000,1500,3000,150
19625,600,250,450,166.6666667,1500,50,500,208.3333333,1000,1250,1500,0,8500,3500,0,150
19933.33333,100,1500,1000,375,500,750,500,208.3333333,750,1500,750,1000,6000,3500,500,1000
21041.66667,700,1500,100,500,3000,50,2333.333333,208.3333333,0,1250,250,0,6000,5000,0,150
26375,700,1500,100,166.6666667,3000,1000,500,208.3333333,300,1500,750,0,10000,3500,3000,150
22416.66667,100,750,850,41.66666667,500,300,2333.333333,41.66666667,0,1250,1250,1000,8500,1500,3000,1000
28016.66667,100,1500,450,41.66666667,3000,50,2333.333333,41.66666667,750,250,1500,750,10000,3500,3000,750
17533.33333,100,1250,100,41.66666667,2500,300,2333.333333,208.3333333,300,1500,1500,1000,2500,1500,2000,400
21658.33333,350,750,450,500,3000,1000,500,208.3333333,0,250,750,1000,6000,3500,3000,400
24058.33333,600,1250,450,166.6666667,3000,300,2333.333333,208.3333333,750,750,750,0,6000,3500,3000,1000
24016.66667,100,750,450,375,1500,300,1333.333333,208.3333333,1000,1250,1250,1000,8500,5000,0,1000
19525,600,750,100,166.6666667,500,750,2000,208.3333333,300,1250,1500,1000,6000,3500,500,400
24508.33333,350,250,100,500,3000,1000,2333.333333,125,0,750,1500,350,10000,3500,0,750
14308.33333,600,250,100,166.6666667,500,300,2333.333333,208.3333333,1000,1250,250,350,2500,500,3000,1000
27458.33333,100,1500,450,166.6666667,3000,50,2000,41.66666667,1000,1500,250,0,10000,5000,2000,400
22416.66667,350,1500,100,41.66666667,500,50,2333.333333,41.66666667,750,1250,750,0,8500,5000,500,750
17216.66667,350,250,450,375,3000,1000,500,41.66666667,0,1500,1500,1000,2500,3500,500,750
19225,350,1250,100,500,1500,1000,500,125,750,1250,250,750,8500,1500,500,400
15508.33333,600,750,100,166.6666667,500,50,500,41.66666667,300,750,1250,0,6000,1500,2000,1000
24025,350,250,1000,166.6666667,2500,1000,2333.333333,125,300,1250,750,1000,10000,1500,500,1000
25533.33333,600,1250,1000,375,2500,1000,500,208.3333333,1000,1500,750,350,10000,1500,2000,1000
23783.33333,700,250,850,375,2500,750,2333.333333,125,0,250,1500,1000,8500,1500,3000,150
23300,100,1500,450,500,3000,1000,2000,250,0,250,250,750,6000,3500,3000,750
20133.33333,100,250,100,41.66666667,1500,300,2000,41.66666667,300,1500,1500,1000,10000,500,0,1000
18150,700,1250,450,41.66666667,1500,300,500,208.3333333,300,750,250,750,10000,500,500,150
21341.66667,100,1500,100,166.6666667,1500,1000,2000,125,0,250,1500,350,8500,3500,0,750
20933.33333,600,750,450,41.66666667,1500,1000,500,41.66666667,300,1250,1250,1000,6000,5000,500,750
15416.66667,600,1250,850,166.6666667,500,50,2000,250,750,250,1500,350,6000,500,0,400
19666.66667,700,750,1000,375,3000,50,500,41.66666667,750,750,1500,350,6000,1500,2000,400
15683.33333,600,1250,1000,375,500,300,2333.333333,125,300,1500,1500,750,2500,500,2000,150
18908.33333,350,250,100,375,2500,1000,1333.333333,250,0,250,750,750,8500,1500,0,1000
19433.33333,700,1250,1000,375,2500,750,2333.333333,125,0,1250,1500,0,6000,1500,0,150
17150,350,1250,100,375,2500,300,2000,125,0,1500,250,1000,2500,1500,3000,400
26316.66667,600,1250,100,375,500,50,2333.333333,208.3333333,750,1500,750,1000,8500,5000,3000,400
17141.66667,600,1250,450,41.66666667,1500,300,500,250,750,1500,1500,0,6000,1500,0,1000
18650,600,750,850,41.66666667,500,300,500,208.3333333,750,750,250,750,8500,500,3000,400
28133.33333,350,1500,100,375,1500,300,2333.333333,125,300,1250,1500,750,10000,5000,2000,750
24533.33333,350,750,850,500,1500,50,1333.333333,250,300,1250,750,0,8500,5000,3000,150
10766.66667,100,750,100,375,1500,750,500,41.66666667,750,250,250,750,2500,1500,500,150
13733.33333,700,750,1000,500,500,50,2333.333333,250,750,1250,1250,750,2500,500,500,150
23183.33333,100,1250,450,41.66666667,1500,750,1333.333333,208.3333333,300,750,250,350,8500,5000,2000,400
24200,700,750,100,166.6666667,3000,750,2333.333333,250,750,750,750,0,10000,500,3000,400
15058.33333,350,1250,100,500,2500,750,1333.333333,125,0,750,250,0,2500,1500,3000,150
20283.33333,350,750,100,375,1500,1000,2000,208.3333333,750,1250,750,0,8500,1500,500,750
19958.33333,100,250,1000,500,1500,1000,2333.333333,125,750,1500,1250,0,6000,3500,0,150
23891.66667,600,1500,1000,500,2500,1000,500,41.66666667,750,750,250,0,8500,5000,0,1000
23141.66667,350,750,100,166.6666667,1500,300,1333.333333,41.66666667,750,1500,250,350,10000,5000,0,750
20608.33333,700,1500,1000,166.6666667,2500,50,2000,41.66666667,0,1250,1500,750,2500,3500,3000,150
12441.66667,350,750,850,500,1500,300,2000,41.66666667,300,750,750,350,2500,500,0,1000
17708.33333,350,750,100,375,1500,750,2333.333333,250,300,250,250,1000,6000,500,2000,1000
25400,350,750,850,375,1500,300,2000,125,1000,1250,1500,0,10000,5000,0,400
16875,100,1250,100,500,2500,1000,2000,125,300,250,250,750,6000,500,500,750
18508.33333,600,1500,1000,166.6666667,1500,300,2333.333333,208.3333333,1000,1250,750,0,6000,1500,0,400
25033.33333,600,1500,100,41.66666667,500,1000,2333.333333,208.3333333,1000,250,1250,350,8500,5000,2000,400
25191.66667,700,250,1000,500,1500,300,2000,41.66666667,750,1250,1500,1000,10000,3500,500,400
10475,700,750,100,166.6666667,500,300,500,208.3333333,750,750,250,750,2500,1500,0,750
18741.66667,100,1250,850,166.6666667,500,300,2333.333333,41.66666667,300,750,1250,0,8500,1500,500,400
22600,700,750,450,166.6666667,1500,300,1333.333333,250,1000,750,750,1000,8500,5000,0,150
19483.33333,100,750,100,375,1500,50,500,208.3333333,0,1500,1500,0,10000,500,2000,400
26916.66667,700,1250,1000,41.66666667,500,750,2000,125,300,1500,1500,0,10000,3500,3000,750
18525,100,250,1000,166.6666667,500,50,1333.333333,125,1000,750,750,0,6000,5000,500,1000
15525,350,250,1000,41.66666667,2500,50,2333.333333,250,0,1500,250,0,2500,1500,2000,1000
17933.33333,700,750,100,41.66666667,500,750,500,41.66666667,300,750,750,0,8500,3500,0,750
25183.33333,350,1500,450,500,2500,300,1333.333333,250,1000,1250,750,0,8500,5000,500,1000
25900,600,750,850,500,3000,300,500,250,0,1250,1250,0,10000,3500,3000,150
23358.33333,100,1500,450,166.6666667,3000,750,2333.333333,208.3333333,0,750,250,350,6000,3500,3000,1000
23058.33333,700,250,450,166.6666667,3000,50,2333.333333,208.3333333,300,1500,750,350,8500,1500,2000,1000
16483.33333,350,750,850,500,1500,50,2333.333333,250,1000,750,250,1000,6000,500,0,400
20166.66667,600,1500,1000,375,3000,50,500,41.66666667,1000,250,750,350,8500,1500,0,750
24083.33333,600,1250,850,375,1500,1000,2000,208.3333333,300,250,750,0,8500,3500,2000,1000
22075,100,1250,1000,500,1500,1000,2000,125,750,1500,750,350,6000,1500,3000,750
18183.33333,700,1250,100,375,2500,300,2333.333333,125,1000,1500,250,1000,2500,1500,2000,750
22441.66667,100,750,850,500,3000,300,2333.333333,208.3333333,0,1500,1500,750,8500,1500,500,150
20850,600,750,1000,375,500,1000,2000,125,1000,750,750,750,10000,500,0,750
27008.33333,700,750,100,500,3000,1000,1333.333333,125,1000,750,750,750,10000,5000,500,750
22650,600,750,1000,375,2500,1000,2000,125,300,250,750,0,8500,500,3000,1000
23425,600,1500,1000,375,1500,750,2000,250,300,1500,1250,0,8500,1500,2000,400
14858.33333,600,750,1000,500,500,300,1333.333333,125,1000,750,250,0,6000,500,500,750
20208.33333,700,750,850,500,3000,300,1333.333333,125,750,750,750,750,8500,500,500,150
20700,100,750,850,166.6666667,1500,1000,1333.333333,250,1000,750,250,750,6000,5000,0,1000
16741.66667,100,250,850,500,500,1000,2000,41.66666667,0,1250,1500,350,6000,1500,500,400
27008.33333,700,750,100,375,2500,1000,2333.333333,250,750,250,1250,750,10000,5000,0,1000
22750,100,750,850,375,500,300,2000,125,1000,750,750,750,8500,5000,0,1000
22516.66667,600,750,100,375,3000,750,2333.333333,208.3333333,0,1250,1500,750,8500,1500,500,400
21266.66667,350,1500,450,375,500,50,1333.333333,208.3333333,1000,750,1500,350,10000,500,2000,400
21533.33333,700,1500,100,375,2500,1000,1333.333333,125,1000,750,1250,0,6000,1500,3000,400
22366.66667,350,750,100,41.66666667,2500,1000,2333.333333,41.66666667,750,250,750,750,10000,1500,500,750
16308.33333,700,750,1000,500,3000,1000,2000,208.3333333,0,750,1250,750,2500,1500,0,400
19350,100,750,100,41.66666667,3000,1000,2000,208.3333333,1000,250,750,0,6000,3500,500,150
23550,100,750,450,500,3000,1000,2000,250,750,750,750,1000,6000,5000,500,750
18375,100,250,1000,41.66666667,3000,750,1333.333333,250,0,250,750,750,6000,3500,0,400
12691.66667,100,250,100,41.66666667,2500,300,2000,250,0,250,1500,0,2500,500,2000,400
26158.33333,700,250,1000,375,3000,50,1333.333333,250,300,750,1250,1000,10000,3500,2000,400
21208.33333,350,1250,850,166.6666667,500,50,500,41.66666667,1000,1500,750,350,10000,500,3000,400
23441.66667,100,250,100,500,2500,300,2000,41.66666667,0,250,750,750,10000,5000,500,400
18416.66667,700,250,450,375,2500,1000,500,41.66666667,0,1250,750,350,6000,500,3000,750
21675,700,1500,100,41.66666667,3000,50,1333.333333,250,300,750,1500,750,10000,500,500,400
21825,700,250,100,375,2500,1000,2000,250,0,1500,1250,1000,8500,1500,500,400
23308.33333,600,1250,100,166.6666667,1500,50,2333.333333,208.3333333,750,1500,1500,350,8500,500,3000,1000
20616.66667,100,250,100,375,2500,750,1333.333333,208.3333333,0,750,750,0,6000,3500,3000,1000
13025,600,250,850,166.6666667,500,300,2333.333333,125,0,250,250,0,6000,500,500,400
28833.33333,700,1500,1000,375,2500,1000,500,208.3333333,300,1250,1500,750,10000,3500,3000,750
20758.33333,600,1250,1000,500,1500,300,2000,208.3333333,0,1500,1500,1000,2500,3500,3000,400
27375,700,1500,1000,500,2500,300,1333.333333,41.66666667,0,750,1250,1000,10000,3500,2000,1000
21158.33333,700,750,1000,375,2500,750,1333.333333,250,0,1250,1500,0,6000,3500,500,750
15300,100,250,450,375,1500,750,2000,125,750,1500,750,1000,2500,500,2000,750
23616.66667,600,250,850,41.66666667,1500,750,2333.333333,41.66666667,1000,1250,750,750,10000,500,2000,1000
14783.33333,100,250,850,41.66666667,500,1000,2000,41.66666667,0,1250,250,750,2500,1500,3000,750
24683.33333,100,750,850,375,500,1000,1333.333333,125,750,1500,250,0,10000,5000,2000,150
21525,700,1500,100,500,1500,750,1333.333333,41.66666667,1000,250,750,350,8500,500,3000,750
13408.33333,350,250,100,166.6666667,1500,750,2333.333333,208.3333333,0,1500,1250,1000,2500,500,0,1000
23525,100,750,450,166.6666667,2500,300,2333.333333,125,300,1500,1500,0,8500,3500,500,1000
14541.66667,100,250,1000,166.6666667,1500,1000,2000,125,0,250,1250,0,6000,500,0,400
14991.66667,600,1250,1000,500,500,300,500,41.66666667,300,1250,750,350,6000,1500,0,150
16758.33333,350,1250,1000,500,500,300,500,208.3333333,1000,1500,750,750,2500,5000,500,150
18258.33333,600,1500,1000,500,2500,1000,2333.333333,125,300,1500,1500,1000,2500,1500,0,400
25941.66667,600,750,1000,166.6666667,3000,300,1333.333333,41.66666667,0,750,1500,0,10000,5000,500,1000
14491.66667,600,250,1000,41.66666667,1500,50,500,250,300,1500,750,750,2500,500,3000,1000
24675,100,1500,1000,166.6666667,3000,50,500,208.3333333,0,750,1500,0,10000,5000,500,400
17675,600,750,1000,166.6666667,500,300,500,208.3333333,1000,1250,1250,1000,2500,3500,3000,150
20050,350,1500,1000,41.66666667,1500,750,2000,208.3333333,300,1500,1500,0,8500,500,0,400
22441.66667,100,1250,850,166.6666667,3000,50,1333.333333,41.66666667,300,1500,250,350,6000,3500,3000,750
20216.66667,100,750,1000,41.66666667,500,300,2333.333333,41.66666667,1000,1250,750,750,10000,500,500,400
21108.33333,100,1500,100,375,3000,50,1333.333333,250,1000,750,250,0,8500,1500,2000,400
25016.66667,100,750,450,375,3000,750,2000,41.66666667,300,1500,1250,0,8500,5000,0,1000
21025,350,1250,100,500,3000,50,1333.333333,41.66666667,750,1250,1500,0,6000,1500,3000,400
24933.33333,700,250,850,41.66666667,3000,50,500,41.66666667,0,750,1500,350,10000,3500,3000,400
16825,350,250,850,500,1500,750,500,125,750,750,250,0,6000,1500,2000,750
15941.66667,600,750,1000,500,2500,300,2000,41.66666667,750,1250,750,750,2500,1500,0,750
17125,600,750,1000,41.66666667,500,50,1333.333333,250,0,1250,750,350,8500,500,500,750
19208.33333,600,1500,850,166.6666667,1500,300,1333.333333,208.3333333,1000,1250,250,350,6000,500,3000,400
20583.33333,700,1500,100,41.66666667,1500,50,1333.333333,208.3333333,1000,750,250,750,8500,3500,0,400
18125,100,1500,450,500,500,300,2333.333333,41.66666667,0,250,1500,0,2500,5000,3000,150
18675,600,750,100,166.6666667,1500,300,500,208.3333333,300,1250,250,750,6000,5000,0,1000
21141.66667,350,1500,1000,166.6666667,2500,750,1333.333333,41.66666667,1000,250,1250,350,8500,1500,500,150
14391.66667,700,250,450,500,1500,300,1333.333333,208.3333333,300,1500,1250,350,2500,500,2000,750
22733.33333,350,750,1000,500,3000,50,2333.333333,250,1000,250,250,0,8500,500,3000,1000
20675,350,1500,100,41.66666667,2500,300,1333.333333,250,300,250,750,350,8500,3500,500,150
21516.66667,100,250,100,375,1500,750,2333.333333,208.3333333,750,250,1250,750,10000,500,2000,400
25958.33333,100,1500,1000,500,1500,1000,500,208.3333333,0,1500,1500,750,10000,3500,2000,400
25966.66667,700,1250,1000,166.6666667,2500,1000,500,250,1000,750,1500,350,8500,5000,500,1000
19041.66667,350,250,1000,41.66666667,2500,750,500,250,750,250,750,1000,10000,500,0,150
27308.33333,700,1500,1000,166.6666667,3000,1000,2333.333333,208.3333333,0,1250,1500,0,10000,1500,3000,150
25133.33333,600,1250,1000,41.66666667,1500,50,2000,41.66666667,1000,1500,750,0,8500,3500,3000,400
15533.33333,350,1250,850,500,1500,750,2333.333333,250,750,750,1250,350,2500,1500,500,150
21033.33333,350,250,850,41.66666667,1500,1000,2333.333333,208.3333333,1000,750,1500,1000,6000,3500,0,750
19200,600,1500,850,41.66666667,1500,750,1333.333333,125,0,750,750,1000,2500,3500,3000,1000
25208.33333,350,1250,100,166.6666667,3000,1000,2000,41.66666667,300,1250,1250,350,8500,3500,2000,150
22100,350,250,1000,500,500,750,2000,250,1000,1250,1250,0,8500,1500,2000,1000
27675,100,250,1000,166.6666667,3000,300,500,208.3333333,750,750,1500,750,10000,5000,3000,400
20591.66667,700,250,850,166.6666667,500,1000,500,125,0,250,1250,750,8500,5000,0,750
18441.66667,350,750,850,166.6666667,500,300,2333.333333,41.66666667,750,1500,750,750,8500,500,0,400
24291.66667,100,750,1000,500,2500,300,1333.333333,208.3333333,0,750,1250,350,10000,1500,3000,750
18600,700,1250,450,375,500,1000,2000,125,300,1500,750,0,2500,5000,2000,150
22533.33333,100,1250,850,500,3000,50,1333.333333,250,300,1500,750,750,6000,3500,2000,400
20666.66667,350,250,1000,41.66666667,2500,750,2000,125,1000,1250,1250,750,2500,3500,3000,400
22016.66667,350,250,450,41.66666667,1500,1000,500,125,300,1500,250,1000,10000,3500,500,750
21325,600,250,850,375,500,1000,500,250,1000,1250,1500,1000,6000,5000,500,750
18241.66667,600,250,850,41.66666667,1500,1000,2000,250,0,1500,1250,750,6000,1500,0,750
25591.66667,600,750,850,166.6666667,2500,50,1333.333333,41.66666667,300,250,1500,1000,10000,3500,2000,750
28050,600,1500,850,375,1500,300,2333.333333,41.66666667,300,1250,250,350,10000,5000,3000,400
14850,600,750,450,375,2500,50,500,125,0,250,1500,750,2500,500,3000,1000
25508.33333,350,1500,1000,500,2500,300,2000,208.3333333,750,250,1500,1000,10000,500,3000,150
23491.66667,600,1250,850,500,500,1000,2333.333333,208.3333333,1000,1250,1250,350,8500,3500,0,400
15833.33333,600,1250,450,41.66666667,500,1000,1333.333333,208.3333333,300,750,1500,0,2500,5000,0,400
16408.33333,700,750,1000,500,500,750,2000,208.3333333,1000,250,750,750,6000,500,0,750
21491.66667,350,750,100,500,3000,1000,1333.333333,208.3333333,0,1250,1500,750,6000,3500,500,750
18100,600,1250,450,41.66666667,1500,50,1333.333333,125,750,750,250,1000,8500,500,0,1000
21391.66667,350,750,450,500,1500,300,2333.333333,208.3333333,0,750,1500,1000,10000,500,500,750
21400,100,750,850,500,3000,300,2000,250,750,1250,750,1000,8500,500,500,400
22058.33333,350,750,100,375,1500,750,1333.333333,250,750,750,1250,750,6000,5000,2000,150
17383.33333,600,1500,450,41.66666667,500,750,500,41.66666667,1000,250,1500,0,6000,3500,0,750
22633.33333,700,750,100,500,3000,1000,2333.333333,250,1000,250,250,0,10000,1500,0,1000
24458.33333,100,250,450,500,2500,50,500,208.3333333,1000,1500,750,1000,10000,5000,500,150
11766.66667,350,750,450,375,2500,50,2000,41.66666667,750,250,250,0,2500,500,0,1000
23975,100,750,1000,375,3000,50,2000,250,300,750,1500,0,8500,5000,0,400
27600,600,750,1000,375,2500,1000,1333.333333,41.66666667,1000,1500,250,750,8500,5000,2000,1000
23075,350,1250,850,41.66666667,3000,1000,1333.333333,250,750,250,750,350,8500,3500,500,400
24241.66667,350,1500,850,500,3000,750,1333.333333,208.3333333,1000,1250,750,750,8500,500,2000,1000
23916.66667,350,1500,450,375,1500,300,1333.333333,208.3333333,1000,1500,1500,0,8500,5000,0,400
19033.33333,600,1250,100,41.66666667,500,750,500,41.66666667,1000,250,1250,350,8500,1500,2000,400
24575,350,250,850,41.66666667,1500,750,2333.333333,250,0,1500,1500,750,10000,3500,0,1000
14683.33333,100,1500,100,41.66666667,3000,1000,2333.333333,208.3333333,0,1500,750,750,2500,500,0,400
20241.66667,100,1500,850,166.6666667,2500,750,2000,125,1000,750,1500,750,6000,1500,0,750
22950,600,1250,850,41.66666667,3000,1000,2333.333333,125,750,750,750,350,8500,500,2000,150
11658.33333,600,250,1000,166.6666667,500,300,1333.333333,208.3333333,300,750,750,1000,2500,500,500,1000
25150,100,250,850,41.66666667,3000,300,2000,208.3333333,1000,750,1500,750,6000,5000,3000,400
22558.33333,700,1500,850,500,1500,50,1333.333333,125,0,250,1500,1000,8500,3500,500,750
14291.66667,600,250,450,500,2500,50,1333.333333,208.3333333,0,250,1500,0,2500,3500,500,150
22608.33333,100,250,1000,166.6666667,1500,1000,2333.333333,208.3333333,300,1250,1250,350,6000,3500,3000,400
18608.33333,700,750,100,500,1500,50,1333.333333,125,300,250,750,1000,8500,1500,500,750
14516.66667,100,1250,100,375,500,50,2000,41.66666667,0,250,1500,350,2500,1500,3000,1000
24083.33333,700,250,1000,500,1500,300,2333.333333,250,750,1250,250,1000,6000,5000,2000,1000
24091.66667,700,1250,100,500,500,750,2333.333333,208.3333333,1000,750,750,750,10000,1500,2000,1000
18708.33333,100,1500,850,166.6666667,3000,300,2000,41.66666667,750,1500,250,0,6000,1500,0,750
18608.33333,700,1250,450,500,2500,1000,500,208.3333333,1000,1500,750,0,2500,5000,0,750
25208.33333,700,1500,100,166.6666667,3000,300,1333.333333,208.3333333,0,750,250,0,10000,3500,3000,400
24925,600,1250,450,500,3000,750,2333.333333,41.66666667,750,750,1250,350,8500,3500,500,400
29258.33333,350,250,450,500,3000,750,2333.333333,125,750,250,1500,1000,10000,5000,2000,1000
21900,100,1250,850,166.6666667,3000,50,2333.333333,250,0,1250,250,1000,6000,5000,0,400
21575,350,1500,450,500,2500,1000,2333.333333,41.66666667,300,1500,250,350,6000,500,3000,1000
22158.33333,350,250,450,500,1500,50,1333.333333,125,750,1250,750,350,10000,3500,0,1000
18033.33333,700,1500,100,375,2500,750,2333.333333,125,0,1500,750,0,6000,500,500,400
22158.33333,600,1250,850,500,500,750,2000,208.3333333,1000,750,250,750,8500,3500,0,750
17975,600,1250,450,41.66666667,500,300,2333.333333,250,750,250,250,750,8500,500,500,750
20666.66667,100,250,100,41.66666667,3000,750,2333.333333,41.66666667,300,750,1250,1000,8500,1500,0,750
18675,100,250,450,500,2500,1000,2333.333333,41.66666667,1000,1500,750,350,2500,5000,0,400
27183.33333,100,1500,1000,375,2500,300,2333.333333,125,300,1250,1500,1000,10000,1500,3000,400
18866.66667,700,1500,450,375,3000,300,2000,41.66666667,0,250,250,0,8500,500,0,1000
22800,100,250,850,500,1500,50,500,250,300,1250,750,0,8500,5000,2000,1000
23966.66667,700,250,1000,41.66666667,500,50,500,125,300,1500,250,350,10000,5000,3000,400
24891.66667,600,1250,850,166.6666667,1500,750,2333.333333,41.66666667,750,250,1250,0,10000,5000,0,150
18950,600,1250,450,500,1500,1000,500,250,300,750,750,350,8500,1500,0,750
21841.66667,100,750,850,500,500,300,500,41.66666667,300,1500,250,0,10000,5000,500,750
12583.33333,100,1250,100,41.66666667,1500,50,2000,41.66666667,0,1250,750,350,2500,500,2000,150
27508.33333,100,1500,1000,375,1500,50,2333.333333,250,1000,250,1500,750,8500,5000,3000,400
17291.66667,600,250,100,166.6666667,1500,750,500,125,300,750,250,1000,8500,1500,0,1000
28300,600,250,450,166.6666667,2500,1000,2333.333333,250,1000,1250,1500,350,10000,3500,3000,150
24750,100,1250,1000,375,3000,1000,500,125,300,1250,1500,350,8500,1500,3000,1000
16391.66667,700,750,850,41.66666667,3000,50,2000,250,1000,1500,250,750,2500,1500,500,750
20000,600,250,100,375,2500,300,1333.333333,41.66666667,0,250,750,750,10000,1500,500,750
24841.66667,100,250,850,500,3000,1000,2000,41.66666667,1000,1250,1500,350,8500,1500,2000,1000
17141.66667,700,1500,850,500,500,300,2000,41.66666667,750,1250,750,0,2500,1500,3000,1000
21983.33333,100,1500,100,41.66666667,3000,300,2333.333333,208.3333333,1000,1500,750,750,6000,3500,500,400
22358.33333,350,1500,850,500,1500,50,500,208.3333333,1000,250,1250,750,10000,500,3000,150
22941.66667,700,1500,850,500,2500,300,500,41.66666667,300,250,1250,0,10000,500,3000,750
27800,100,750,450,375,3000,1000,1333.333333,41.66666667,0,1500,1250,750,10000,3500,3000,750
19433.33333,100,750,1000,41.66666667,1500,1000,500,41.66666667,0,1250,750,1000,8500,1500,500,1000
13258.33333,700,1500,100,500,500,1000,1333.333333,125,0,1250,1250,0,2500,1500,0,1000
22608.33333,600,1500,100,500,3000,1000,2000,208.3333333,300,750,1500,750,8500,1500,0,400
20750,700,250,1000,166.6666667,1500,50,2333.333333,250,0,1250,250,350,10000,500,2000,150
13850,700,1500,100,500,1500,50,500,250,0,250,750,350,6000,500,500,400
17950,350,750,1000,375,1500,50,500,125,300,250,1250,350,8500,500,2000,150
18191.66667,600,750,100,500,1500,300,500,41.66666667,0,1250,750,0,6000,5000,500,400
24425,700,1250,100,166.6666667,2500,750,500,208.3333333,750,750,1500,0,10000,1500,3000,750
21558.33333,350,250,100,166.6666667,1500,50,2000,41.66666667,1000,1500,750,350,6000,3500,3000,1000
14666.66667,100,250,1000,375,1500,1000,500,41.66666667,1000,1250,250,750,2500,3500,500,150
23225,350,1500,1000,41.66666667,3000,750,1333.333333,250,1000,750,1250,1000,8500,1500,0,1000
14491.66667,700,750,450,166.6666667,500,300,1333.333333,41.66666667,750,1500,250,1000,2500,3500,0,750
19725,100,1250,850,41.66666667,3000,750,2333.333333,250,1000,1250,1250,1000,2500,3500,500,150
25308.33333,600,1250,450,166.6666667,3000,750,2333.333333,208.3333333,300,1500,250,0,10000,1500,2000,1000
24800,350,750,1000,375,1500,300,2333.333333,41.66666667,750,750,750,0,10000,3500,2000,400
20850,350,250,100,41.66666667,3000,50,2000,208.3333333,0,750,1500,350,6000,3500,2000,750
24941.66667,350,750,450,500,1500,1000,1333.333333,208.3333333,750,1500,1500,350,10000,3500,500,750
23483.33333,100,250,100,41.66666667,3000,50,2000,41.66666667,0,1500,1500,750,6000,5000,3000,150
17775,350,250,450,375,1500,300,500,250,300,750,1500,750,6000,3500,0,1000
18733.33333,600,1250,1000,500,2500,50,1333.333333,250,1000,250,250,1000,2500,5000,500,750
21600,350,250,450,41.66666667,1500,50,2333.333333,125,0,750,1500,1000,10000,500,2000,750
20266.66667,600,1250,1000,166.6666667,2500,1000,500,250,0,750,250,0,8500,500,2000,1000
21000,600,250,1000,41.66666667,3000,1000,500,208.3333333,1000,750,1250,750,10000,500,0,150
12925,350,750,850,500,500,50,500,125,300,1500,750,350,2500,500,3000,400
21791.66667,350,1500,100,41.66666667,500,300,2000,250,1000,750,1250,1000,8500,500,3000,750
29233.33333,100,1250,450,375,3000,50,2333.333333,125,300,750,750,1000,10000,5000,3000,750
25608.33333,350,250,100,166.6666667,2500,300,2000,41.66666667,750,1500,1250,1000,10000,5000,0,400
19641.66667,600,1250,100,500,3000,1000,1333.333333,208.3333333,750,1250,250,0,2500,3500,3000,400
13283.33333,600,250,850,41.66666667,500,1000,2333.333333,208.3333333,1000,250,750,350,2500,500,2000,150
21216.66667,600,1250,1000,166.6666667,500,750,500,250,300,1250,1500,1000,8500,500,3000,150
24883.33333,700,1250,450,500,3000,50,2333.333333,250,750,750,1500,350,10000,1500,500,1000
26683.33333,600,1250,450,375,3000,300,2000,208.3333333,1000,750,1250,1000,8500,5000,0,1000
29266.66667,700,1500,850,166.6666667,3000,300,2000,250,1000,1500,750,0,8500,5000,3000,750
20050,600,1250,1000,166.6666667,1500,50,1333.333333,250,1000,750,750,750,10000,500,0,150
20866.66667,350,1250,850,375,500,750,2000,41.66666667,1000,750,250,350,8500,3500,0,400
16716.66667,700,1250,100,41.66666667,2500,1000,500,125,0,1250,1500,1000,2500,500,3000,750
22900,700,1500,1000,375,500,300,2000,125,1000,1250,1250,0,8500,3500,500,400
19450,350,1250,850,41.66666667,500,750,1333.333333,125,750,1500,250,0,6000,5000,0,750
21325,100,1500,450,166.6666667,3000,300,1333.333333,125,1000,250,250,350,6000,5000,500,1000
22500,700,750,1000,41.66666667,1500,300,2333.333333,125,1000,1250,750,1000,6000,5000,0,750
21625,700,250,100,166.6666667,2500,750,500,208.3333333,300,1500,250,1000,8500,1500,3000,400
22025,700,750,450,166.6666667,1500,1000,2333.333333,125,750,750,1250,350,6000,3500,2000,400
24575,100,250,450,166.6666667,3000,750,1333.333333,125,1000,1250,250,1000,10000,1500,3000,400
20158.33333,600,1500,850,166.6666667,3000,750,500,41.66666667,0,250,1250,0,10000,500,0,750
19608.33333,100,1250,450,500,2500,750,500,208.3333333,1000,1500,250,350,2500,5000,2000,750
26141.66667,350,250,450,500,3000,50,2333.333333,208.3333333,1000,250,750,1000,10000,5000,0,1000
23275,350,750,1000,166.6666667,2500,50,2000,208.3333333,0,750,1250,750,8500,3500,500,1000
23475,350,750,1000,375,2500,750,500,250,750,1250,250,1000,6000,5000,2000,750
17191.66667,600,1250,450,500,3000,300,500,41.66666667,300,250,1250,350,2500,3500,2000,400
23483.33333,600,750,850,41.66666667,3000,300,500,41.66666667,750,1250,1250,1000,6000,5000,2000,150
20116.66667,700,1250,1000,41.66666667,3000,50,1333.333333,41.66666667,300,1250,250,750,8500,1500,0,150
19775,700,250,1000,166.6666667,2500,750,500,208.3333333,300,1500,250,750,8500,1500,500,400
14400,700,1500,1000,166.6666667,1500,50,1333.333333,250,300,750,750,350,2500,500,2000,750
17833.33333,600,750,850,41.66666667,1500,1000,2000,41.66666667,300,1500,250,0,6000,1500,500,1000
24116.66667,350,250,450,166.6666667,1500,1000,500,250,0,250,1500,1000,10000,3500,3000,400
21891.66667,600,1250,450,500,1500,750,1333.333333,208.3333333,300,750,1500,750,6000,5000,0,1000
17641.66667,600,250,1000,166.6666667,500,300,500,125,300,750,750,0,8500,1500,2000,400
13158.33333,700,750,850,500,1500,50,2333.333333,125,750,250,1250,350,2500,500,0,750
19800,100,250,100,500,3000,50,2000,250,300,1500,1250,350,6000,3500,500,150
23175,700,1250,1000,166.6666667,500,1000,500,208.3333333,1000,1500,1500,350,10000,500,2000,1000
19858.33333,350,250,850,500,500,50,2000,208.3333333,0,1500,1500,1000,8500,500,2000,150
16391.66667,100,1500,450,500,3000,50,500,41.66666667,1000,250,750,350,2500,5000,0,400
24066.66667,600,1250,1000,375,3000,50,2333.333333,208.3333333,750,1500,750,750,6000,1500,3000,1000
22850,100,1500,450,375,3000,300,1333.333333,41.66666667,0,1250,250,0,10000,1500,2000,750
22300,700,750,100,375,2500,750,2000,125,750,750,250,1000,10000,1500,0,750
20733.33333,100,250,850,41.66666667,500,300,1333.333333,208.3333333,1000,1250,1500,1000,10000,1500,500,400
20991.66667,700,250,1000,166.6666667,500,1000,500,125,1000,250,1500,350,10000,1500,2000,150
16500,100,1500,1000,166.6666667,3000,50,2333.333333,250,750,1250,1250,350,2500,500,500,1000
9325,700,750,100,375,500,300,500,250,0,1500,250,350,2500,500,0,750
20150,700,1500,100,500,2500,300,2000,250,300,750,250,350,10000,500,0,150
15116.66667,600,250,850,375,500,50,2333.333333,208.3333333,300,1250,750,750,6000,500,0,400
24508.33333,600,750,450,166.6666667,1500,1000,1333.333333,208.3333333,750,250,1500,350,10000,3500,2000,150
21850,700,750,450,375,500,50,500,125,750,1250,1250,1000,8500,3500,2000,150
20225,700,1500,850,41.66666667,1500,750,1333.333333,250,300,750,1250,750,2500,5000,2000,750
24233.33333,600,1500,850,375,1500,300,2000,208.3333333,0,750,1250,1000,8500,5000,0,400
17725,350,750,450,166.6666667,1500,50,2000,208.3333333,0,250,1500,350,6000,3500,500,150
23908.33333,700,750,850,166.6666667,1500,1000,500,41.66666667,750,1250,1250,1000,10000,3500,500,150
19150,350,1250,100,375,3000,50,2000,125,750,1250,750,1000,2500,5000,500,150
14625,600,1500,1000,166.6666667,1500,1000,1333.333333,125,750,750,1250,1000,2500,500,500,150
20266.66667,100,750,850,41.66666667,1500,1000,2333.333333,41.66666667,0,250,250,0,8500,1500,3000,150
17625,600,250,850,166.6666667,1500,50,2000,208.3333333,0,250,1500,0,2500,5000,2000,750
19758.33333,600,1500,1000,500,1500,50,1333.333333,125,0,250,750,750,8500,500,2000,400
18916.66667,100,1250,450,166.6666667,2500,50,500,250,750,750,1250,750,8500,1500,0,150
15600,100,250,1000,41.66666667,3000,50,2000,208.3333333,300,750,250,0,6000,1500,0,150
24475,600,1500,450,166.6666667,3000,50,500,208.3333333,0,1250,1250,1000,10000,500,3000,1000
22733.33333,100,1500,1000,375,3000,300,1333.333333,125,1000,250,1250,0,6000,3500,2000,1000
23491.66667,700,1500,1000,41.66666667,2500,1000,2000,250,750,1500,750,1000,8500,500,500,1000
26458.33333,600,1500,450,166.6666667,1500,1000,2333.333333,208.3333333,300,1500,250,0,8500,5000,3000,150
23266.66667,100,1500,850,375,3000,1000,500,41.66666667,750,750,1250,750,10000,1500,500,400
17116.66667,100,1250,850,166.6666667,2500,1000,2000,250,0,250,1250,350,2500,1500,3000,150
15308.33333,100,1250,450,500,1500,50,2000,208.3333333,1000,250,250,350,6000,500,500,400
16983.33333,100,1250,850,41.66666667,1500,750,2333.333333,208.3333333,300,250,250,750,2500,3500,2000,400
26366.66667,100,1250,450,375,500,1000,2333.333333,208.3333333,1000,750,750,750,10000,3500,3000,400
12475,100,250,100,41.66666667,1500,50,1333.333333,250,1000,1500,750,350,2500,1500,500,750
18300,600,750,850,375,500,1000,500,125,0,1250,750,350,8500,1500,500,750
24216.66667,350,1500,1000,166.6666667,1500,50,500,250,1000,1500,1250,750,10000,3500,500,400
17125,100,750,850,166.6666667,1500,300,2000,208.3333333,1000,1500,250,0,6000,1500,0,1000
22008.33333,350,1250,1000,500,500,750,500,208.3333333,300,1500,750,750,10000,1500,2000,150
21875,600,250,850,166.6666667,500,300,500,208.3333333,750,1500,1500,350,8500,5000,500,400
12308.33333,350,1500,450,500,500,300,2000,208.3333333,0,250,250,750,2500,1500,500,750
20450,600,1500,850,166.6666667,3000,1000,2333.333333,250,0,750,250,1000,2500,3500,2000,750
22266.66667,100,250,1000,41.66666667,3000,1000,2000,125,0,250,750,1000,10000,1500,500,750
25783.33333,600,1500,850,375,3000,50,1333.333333,125,300,1500,1250,1000,10000,1500,2000,400
16400,350,1500,100,375,1500,50,2000,125,300,250,750,350,6000,1500,500,750
20416.66667,700,250,1000,375,500,750,1333.333333,208.3333333,300,750,1500,0,8500,3500,0,750
13666.66667,600,250,100,41.66666667,500,300,500,125,0,1500,250,350,8500,500,0,150
23933.33333,600,250,1000,500,1500,1000,1333.333333,250,750,750,750,350,10000,1500,3000,400
16475,100,1250,850,375,500,1000,500,250,0,1500,250,750,2500,3500,3000,150
16300,700,1500,450,375,500,300,2333.333333,41.66666667,0,1500,1500,350,2500,1500,2000,750
21441.66667,100,250,1000,166.6666667,1500,1000,500,125,300,1250,750,350,8500,5000,500,150
16858.33333,600,250,450,166.6666667,500,300,2333.333333,208.3333333,300,750,1250,1000,6000,1500,500,750
